experiment_kind,training_config,training_method,ratio,seed,regularization_profile,l2_weight,ortho_weight,h_model,evaluation_method,noise_level,best_loss,best_epoch,best_stage,train_mse,validation_mse,extrapolate_mse,final_mse,final_l2_error,instability_rate,residual_mse,residual_rel_error,model_vf_mse,model_vf_rel_error,learned_f_physics_a,learned_f_physics_b,learned_f_physics_r,learned_f_physics_z
carrying_solver_sweep,forward_euler_ratio1,forward_euler,1,0,none,0.0,0.0,0.05,diffrax_tsit5,0.01,0.01235454287082649,9700,stage 3 | joint training,11.232349265297872,6.476792333311483,235.02163169368617,237.99105861449135,92.56175295510393,0.0,0.6914657848178787,0.358564008959377,0.6914657848178787,0.0300148339110832,0.9052297870069096,0.05157692117100725,1.4584832864399073,0.028835257093543187
carrying_solver_sweep,forward_euler_ratio1,forward_euler,1,1,none,0.0,0.0,0.05,diffrax_tsit5,0.01,0.006886523531639056,11500,stage 3 | joint training,11.66635019611233,6.346791890809631,236.74417856162086,238.2310558126338,92.60841219486929,0.0,1.2425659194519312,0.22712944759700582,1.2425659194519307,0.04023558460559091,0.8656846806337211,0.05405047193471366,1.4601625413073396,0.030092410711321307
carrying_solver_sweep,forward_euler_ratio1,forward_euler,1,2,none,0.0,0.0,0.05,diffrax_tsit5,0.01,0.008217995721767775,14000,stage 3 | joint training,11.431975992807365,6.3860124370518765,231.75108506830114,232.88204943974196,91.56284060595057,0.0,0.98032172619966,0.6245882685842322,0.98032172619966,0.035738383989138235,0.9555258753592569,0.04983241207990408,1.5462251110764569,0.029277589314851856
carrying_solver_sweep,forward_euler_ratio1,forward_euler,1,0,l2_small,1e-05,0.0,0.05,diffrax_tsit5,0.01,0.00894492000483274,11600,stage 3 | joint training,11.233622826199836,6.4087064774920535,233.72175806041176,236.6045205208311,92.2917262746229,0.0,0.8343332486950269,0.3493559908174047,0.834333248695027,0.032970108195247566,0.9063585316663377,0.05198797225215724,1.4491014799663697,0.028937929774252323
carrying_solver_sweep,forward_euler_ratio1,forward_euler,1,1,l2_small,1e-05,0.0,0.05,diffrax_tsit5,0.01,0.006361898174354322,12800,stage 3 | joint training,11.701777068736527,6.301574780856896,235.9049777911705,237.9498930595261,92.55374735872633,0.0,1.3807489828742971,0.23374391098808078,1.380748982874297,0.04241387605356725,0.8627445367932637,0.054140056929226,1.4641532753337663,0.030231887373095005
carrying_solver_sweep,forward_euler_ratio1,forward_euler,1,2,l2_small,1e-05,0.0,0.05,diffrax_tsit5,0.01,0.007681783131776515,14000,stage 3 | joint training,11.419352777059519,6.38760221343555,231.50394369053424,232.5595571275174,91.49942107243426,0.0,0.9561951557614701,0.6045903045391489,0.9561951557614701,0.03529586799308586,0.9561811270307718,0.04982669498402471,1.5484107753049334,0.029305421480193827
carrying_solver_sweep,forward_euler_ratio1,forward_euler,1,0,ortho_small,0.0,0.001,0.05,diffrax_tsit5,0.01,0.008943847931673491,13700,stage 3 | joint training,11.415809137545507,6.479256409175627,232.29707696035464,234.24118683244956,91.82963969203074,0.0,0.9087461083538549,0.357015483908165,0.9087461083538552,0.03440898634613081,0.906838119830797,0.05212741276792178,1.4590915862581773,0.02912490456060166
carrying_solver_sweep,forward_euler_ratio1,forward_euler,1,1,ortho_small,0.0,0.001,0.05,diffrax_tsit5,0.01,0.004256191152845556,14000,stage 3 | joint training,11.699659840826051,6.472692361030874,233.21648046671982,236.19465563297908,92.21175414656881,0.0,1.2788196207540077,0.221672639842392,1.278819620754008,0.040818330934820665,0.8719911172030964,0.05452800673077995,1.466289099550078,0.030250701527878385
carrying_solver_sweep,forward_euler_ratio1,forward_euler,1,2,ortho_small,0.0,0.001,0.05,diffrax_tsit5,0.01,0.006984772355082384,13500,stage 3 | joint training,11.685149528288203,6.430736716764943,230.45495648682177,232.72984363507223,91.53291413946462,0.0,1.095045291798795,0.9451673038846192,1.0950452917987945,0.03777170925225,0.9870405453999505,0.05002630309234494,1.5101813060470322,0.0289697559798761
carrying_solver_sweep,forward_euler_ratio1,forward_euler,1,0,l2_plus_ortho,1e-05,0.001,0.05,diffrax_tsit5,0.01,0.013199033745446368,10400,stage 3 | joint training,11.32857267068312,6.505226694562636,233.11790374547664,235.18749024855788,92.01494253080901,0.0,0.7463831353227433,0.40689854690728294,0.7463831353227434,0.03118397731595608,0.9077258917879473,0.05138974252846238,1.467677522971066,0.028972263829846592
carrying_solver_sweep,forward_euler_ratio1,forward_euler,1,1,l2_plus_ortho,1e-05,0.001,0.05,diffrax_tsit5,0.01,0.004231605633362012,14000,stage 3 | joint training,11.554877027124364,6.404607211714316,231.90239146847608,235.35971175717106,92.04862640614556,0.0,1.2266487850707313,0.22195779655560463,1.226648785070731,0.039977047245165494,0.8700964217985493,0.05432498770243385,1.4668522950914518,0.030192613973345817
carrying_solver_sweep,forward_euler_ratio1,forward_euler,1,2,l2_plus_ortho,1e-05,0.001,0.05,diffrax_tsit5,0.01,0.007095646234146635,14000,stage 3 | joint training,11.510452149392242,6.330045075431005,228.7221222954998,231.49879348259722,91.29050643617605,0.0,1.090441594443978,0.9569126794820911,1.0904415944439778,0.03769222730415662,0.9872059874403593,0.05003793788602002,1.5093081668089519,0.028965633869693287
carrying_solver_sweep,forward_euler_ratio2,forward_euler,2,0,none,0.0,0.0,0.025,diffrax_tsit5,0.01,0.003048357800525443,14000,stage 3 | joint training,3.134896832736762,1.6647202998233266,98.29791833907288,101.98248120646662,60.591825549597026,0.0,0.16706923514343494,0.2921140119707993,0.16706923514343489,0.0147536283467434,0.9195757330551443,0.05048329968630384,1.514745423239358,0.02953045344464351
carrying_solver_sweep,forward_euler_ratio2,forward_euler,2,1,none,0.0,0.0,0.025,diffrax_tsit5,0.01,0.0032110329358657386,13900,stage 3 | joint training,3.12799467667607,1.6844689899793177,95.17986037135479,98.80316112199156,59.63986754170146,0.0,0.2043522822131518,0.39841982652033175,0.2043522822131517,0.016317001109391095,0.9359898299946429,0.050124065501961385,1.5325836284466998,0.029768974893222472
carrying_solver_sweep,forward_euler_ratio2,forward_euler,2,2,none,0.0,0.0,0.025,diffrax_tsit5,0.01,0.004044656378641747,14000,stage 3 | joint training,3.1478180315588222,1.692855574930138,96.68783175296976,99.95176716257826,59.98552840354761,0.0,0.2052815010147848,0.3629746826805438,0.20528150101478473,0.01635405689148326,0.9570962214836749,0.05043179036723757,1.545121125793358,0.029853213482339998
carrying_solver_sweep,forward_euler_ratio2,forward_euler,2,0,l2_small,1e-05,0.0,0.025,diffrax_tsit5,0.01,0.0030787410299145885,14000,stage 3 | joint training,3.1342760203491666,1.6632572134984522,98.50950329447326,102.13586714781552,60.63737475617953,0.0,0.16693405589388555,0.2908266205490068,0.16693405589388557,0.014747658402623324,0.9193979333083969,0.05049193226167571,1.5143036659037725,0.029523938945197205
carrying_solver_sweep,forward_euler_ratio2,forward_euler,2,1,l2_small,1e-05,0.0,0.025,diffrax_tsit5,0.01,0.003961809066662589,10000,stage 3 | joint training,3.061527768684093,1.6620312141925522,94.5188328813909,98.96426069336046,59.68846944729758,0.0,0.1624510016249606,0.37602748960930615,0.16245100162496062,0.014548284777567484,0.9358718757431435,0.04997602594260142,1.5309595575920925,0.029735844438621744
carrying_solver_sweep,forward_euler_ratio2,forward_euler,2,2,l2_small,1e-05,0.0,0.025,diffrax_tsit5,0.01,0.004037318668315869,13900,stage 3 | joint training,3.149737352196685,1.6795232505949114,96.93292110518045,100.26521304354938,60.07951122943476,0.0,0.18551294484489905,0.31313440121630753,0.18551294484489908,0.015546681688534429,0.9542180418966577,0.0504768554075519,1.5501454444460534,0.029875973076272485
carrying_solver_sweep,forward_euler_ratio2,forward_euler,2,0,ortho_small,0.0,0.001,0.025,diffrax_tsit5,0.01,0.004393733734903871,13600,stage 3 | joint training,3.1885331151226524,1.6215035241683975,110.96510452674701,108.77576415784259,62.57737218581756,0.0,0.2718209244605635,0.13254551946415052,0.2718209244605634,0.01881880488609119,0.8761257656798288,0.05266513217002189,1.4387786349527476,0.030117980691325413
carrying_solver_sweep,forward_euler_ratio2,forward_euler,2,1,ortho_small,0.0,0.001,0.025,diffrax_tsit5,0.01,0.002083690531690718,13900,stage 3 | joint training,3.1486842121672933,1.6842786673804635,93.56006796083113,98.16266606160337,59.44624444166109,0.0,0.24306941586509712,0.5433182533091322,0.24306941586509723,0.01779572785450003,0.9412778204610145,0.050486609358697365,1.5087804727373308,0.029645015454154773
carrying_solver_sweep,forward_euler_ratio2,forward_euler,2,2,ortho_small,0.0,0.001,0.025,diffrax_tsit5,0.01,0.0033885407097166923,14000,stage 3 | joint training,3.139373050374737,1.6688529473573246,91.76221792610369,97.37043836854816,59.20587623933737,0.0,0.18257950410800222,0.394258214616002,0.18257950410800225,0.015423275223699542,0.9472138227103117,0.04990937057234371,1.5446867198934402,0.030044077956269538
carrying_solver_sweep,forward_euler_ratio2,forward_euler,2,0,l2_plus_ortho,1e-05,0.001,0.025,diffrax_tsit5,0.01,0.003943044836180918,13900,stage 3 | joint training,3.181961114080023,1.62053818200019,110.55116147509594,108.44448144846407,62.48200806748057,0.0,0.2737126960165376,0.13459220202537053,0.2737126960165375,0.01888417724897514,0.877339776333043,0.05264582066706284,1.4397660347479835,0.030110372658451123
carrying_solver_sweep,forward_euler_ratio2,forward_euler,2,1,l2_plus_ortho,1e-05,0.001,0.025,diffrax_tsit5,0.01,0.0017889496319593735,12800,stage 3 | joint training,3.145461419679452,1.6806098177832274,92.97482805524662,97.76328946669037,59.32519212611833,0.0,0.23107311953609577,0.6144794584994433,0.23107311953609588,0.017351031995931646,0.9412447278205286,0.050324876495751895,1.5052583481320632,0.02962764984508736
carrying_solver_sweep,forward_euler_ratio2,forward_euler,2,2,l2_plus_ortho,1e-05,0.001,0.025,diffrax_tsit5,0.01,0.0033857116350051774,14000,stage 3 | joint training,3.1394078455313936,1.668311090131173,91.78032004446817,97.36727434636464,59.20491429323352,0.0,0.18186291698694632,0.3924197210691046,0.18186291698694637,0.015392978871149645,0.9467989420786933,0.04991304975290936,1.5447242458854469,0.030044945788266202
carrying_solver_sweep,forward_euler_ratio4,forward_euler,4,0,none,0.0,0.0,0.0125,diffrax_tsit5,0.01,0.004036117814206057,14000,stage 3 | joint training,0.807250911274602,0.39732127093731406,29.873032802074043,31.55736403603428,33.70556490102538,0.0,0.056140962016462084,0.1608114962956456,0.0561409620164621,0.0085524495710355,0.9283955276415488,0.05096920122507632,1.467986345740982,0.029593496497900707
carrying_solver_sweep,forward_euler_ratio4,forward_euler,4,1,none,0.0,0.0,0.0125,diffrax_tsit5,0.01,0.0014782048906484583,13900,stage 3 | joint training,0.8226410295681537,0.42216721826127335,30.01358845838919,32.88999045112515,34.409877306385525,0.0,0.03849659715394529,0.16150298101824212,0.038496597153945274,0.007082095326088418,0.9453046884706032,0.05085381247064709,1.4609158825046338,0.029703959112055107
carrying_solver_sweep,forward_euler_ratio4,forward_euler,4,2,none,0.0,0.0,0.0125,diffrax_tsit5,0.01,0.0018133905441043905,14000,stage 3 | joint training,0.8119721873529537,0.39943367309905115,33.62311803378922,35.81641664082603,35.90809099729108,0.0,0.05583418470400526,0.17398852743645105,0.05583418470400531,0.008529050510287038,0.9251282900239315,0.050715405279782536,1.5142256525178732,0.02978894517805138
carrying_solver_sweep,forward_euler_ratio4,forward_euler,4,0,l2_small,1e-05,0.0,0.0125,diffrax_tsit5,0.01,0.003402367137469873,14000,stage 3 | joint training,0.8071235787850608,0.40291480831878473,30.67771492455339,32.29094211355762,34.095071727275695,0.0,0.05406825601239329,0.1417025361026754,0.05406825601239326,0.008393088019984554,0.9275399269832768,0.05111387838248619,1.4621225285707953,0.029629420093833778
carrying_solver_sweep,forward_euler_ratio4,forward_euler,4,1,l2_small,1e-05,0.0,0.0125,diffrax_tsit5,0.01,0.0015413898468277542,14000,stage 3 | joint training,0.8118952881574981,0.41758542061448695,29.46677032870834,32.44909444392002,34.17846397925338,0.0,0.03639919285557907,0.1574722751878487,0.036399192855579084,0.006886467046249767,0.9445584709540737,0.050838922405512146,1.4615845424724172,0.029711476899877517
carrying_solver_sweep,forward_euler_ratio4,forward_euler,4,2,l2_small,1e-05,0.0,0.0125,diffrax_tsit5,0.01,0.0018159704116633103,14000,stage 3 | joint training,0.8124416804186869,0.3991751381458654,33.67456342787093,35.83898391964261,35.91940173648685,0.0,0.057442134447265064,0.1723041992886024,0.05744213444726505,0.008650991424015937,0.9239342049889768,0.05073041092522695,1.5145657945539408,0.029799619125196367
carrying_solver_sweep,forward_euler_ratio4,forward_euler,4,0,ortho_small,0.0,0.001,0.0125,diffrax_tsit5,0.01,0.0033455917844889896,13800,stage 3 | joint training,0.8367946982762635,0.42423096347929645,33.70432921503515,34.846388379851945,35.418497733171435,0.0,0.04231743044817698,0.07205208798122541,0.042317430448177,0.007425235655503006,0.8718068937112324,0.051120674318228566,1.4477424685435394,0.029680001554965516
carrying_solver_sweep,forward_euler_ratio4,forward_euler,4,1,ortho_small,0.0,0.001,0.0125,diffrax_tsit5,0.01,0.004777944401910287,14000,stage 3 | joint training,0.8076139645356037,0.3984705909033664,30.473269562397434,32.137557592952255,34.0139981970112,0.0,0.038270803870181454,0.19458317267777628,0.038270803870181454,0.007061295549532708,0.9397316516660941,0.05047605063181544,1.468399082694753,0.02973672798828364
carrying_solver_sweep,forward_euler_ratio4,forward_euler,4,2,ortho_small,0.0,0.001,0.0125,diffrax_tsit5,0.01,0.00347053483870023,13900,stage 3 | joint training,0.8143908460192814,0.4023111147408234,32.39124568688845,34.57891131980201,35.28230161869932,0.0,0.03924719742169657,0.11782926769741352,0.03924719742169655,0.007150804781684437,0.8967474741109529,0.05015269236037098,1.5300485365465208,0.029907115543393557
carrying_solver_sweep,forward_euler_ratio4,forward_euler,4,0,l2_plus_ortho,1e-05,0.001,0.0125,diffrax_tsit5,0.01,0.0034310462148865934,13800,stage 3 | joint training,0.828887152374249,0.4182008250685162,33.584873173752094,34.84177811535301,35.41615467767087,0.0,0.043050125008348046,0.0730582022602488,0.04305012500834806,0.0074892409857462055,0.8721572518971402,0.051095234659677996,1.4469627946164758,0.02968386897921881
carrying_solver_sweep,forward_euler_ratio4,forward_euler,4,1,l2_plus_ortho,1e-05,0.001,0.0125,diffrax_tsit5,0.01,0.004946221978480339,14000,stage 3 | joint training,0.8068308725389258,0.3985943778753373,30.104299940131593,31.72046520160268,33.79255461277967,0.0,0.037729478455137716,0.19136876409726253,0.03772947845513768,0.007011178076196417,0.9385438068750217,0.05047173671924687,1.4690185111480616,0.029739266204056928
carrying_solver_sweep,forward_euler_ratio4,forward_euler,4,2,l2_plus_ortho,1e-05,0.001,0.0125,diffrax_tsit5,0.01,0.003603871883907431,14000,stage 3 | joint training,0.8202203289318082,0.4053390306603095,32.468627659098885,34.752958409345354,35.37098390964595,0.0,0.03889310205463466,0.11659473465302106,0.03889310205463466,0.007118473760456091,0.8975174843263454,0.05007404537925631,1.5369625626136427,0.02995144979372543
carrying_solver_sweep,forward_euler_ratio8,forward_euler,8,0,none,0.0,0.0,0.00625,diffrax_tsit5,0.01,0.003668817439799574,14000,stage 3 | joint training,0.19931374206427074,0.09968965942482318,4.820465522272551,5.576274658595566,14.168482194979122,0.0,0.017882743365686734,0.1059956707842362,0.017882743365686706,0.004826892969209673,0.9099354240554358,0.050206794979740274,1.4885271710952082,0.029791799451433697
carrying_solver_sweep,forward_euler_ratio8,forward_euler,8,1,none,0.0,0.0,0.00625,diffrax_tsit5,0.01,0.002721898333958934,13900,stage 3 | joint training,0.20300798072421208,0.10151035733221846,4.912886026398909,5.8232615321304495,14.47886097580525,0.0,0.011575612924010919,0.2107790483105006,0.011575612924010908,0.0038834936102982425,0.9392157681703618,0.049963970888479994,1.4929651355955778,0.02986690466877327
carrying_solver_sweep,forward_euler_ratio8,forward_euler,8,2,none,0.0,0.0,0.00625,diffrax_tsit5,0.01,0.0022039932846162884,10900,stage 3 | joint training,0.2255804754025011,0.10984770415812227,7.432219812708104,8.55821244641495,17.55265359058106,0.0,0.011881872470484943,0.09511557506581889,0.011881872470484956,0.003934531623633064,0.9190934803126571,0.0502962033292506,1.5074097978934813,0.029888152293806022
carrying_solver_sweep,forward_euler_ratio8,forward_euler,8,0,l2_small,1e-05,0.0,0.00625,diffrax_tsit5,0.01,0.0037830440299639685,14000,stage 3 | joint training,0.19926627042402267,0.09965108214361315,4.753047496147045,5.504722525294426,14.07728705790286,0.0,0.017935542438531852,0.10737999984970409,0.017935542438531835,0.004834013454845363,0.9101195176963963,0.05019100748492979,1.488719926343132,0.029791433092298772
carrying_solver_sweep,forward_euler_ratio8,forward_euler,8,1,l2_small,1e-05,0.0,0.00625,diffrax_tsit5,0.01,0.0030666365575301923,9000,stage 3 | joint training,0.21108427728300783,0.10568068680902445,4.4372962144598285,5.249962369124064,13.747677814397102,0.0,0.011013136842406367,0.22379447867667687,0.011013136842406361,0.003787966370443234,0.9380457648931182,0.04983314445234867,1.4916564858336394,0.02987032365858988
carrying_solver_sweep,forward_euler_ratio8,forward_euler,8,2,l2_small,1e-05,0.0,0.00625,diffrax_tsit5,0.01,0.0024228669131413313,10300,stage 3 | joint training,0.2188037421343253,0.10627104237218031,7.20367151383656,8.3769083233764,17.365733489880306,0.0,0.011214367526678332,0.0918673364566396,0.011214367526678332,0.0038224163446013365,0.9186954911793188,0.05029409495245474,1.5071968934214521,0.029880938518969783
carrying_solver_sweep,forward_euler_ratio8,forward_euler,8,0,ortho_small,0.0,0.001,0.00625,diffrax_tsit5,0.01,0.0037203068866224686,13900,stage 3 | joint training,0.19939664548267935,0.10177043107951025,4.720530241832752,5.50225235279705,14.074128203931275,0.0,0.018642641775976635,0.06611897603136725,0.018642641775976625,0.004928381562764171,0.8692788437745606,0.0501288847423742,1.4874799879091996,0.029786876498220895
carrying_solver_sweep,forward_euler_ratio8,forward_euler,8,1,ortho_small,0.0,0.001,0.00625,diffrax_tsit5,0.01,0.0014977750282762837,14000,stage 3 | joint training,0.20097650730982913,0.1007076724394192,6.5473820954109865,7.347747845059358,16.264037703538964,0.0,0.01606140513831518,0.0748996860057703,0.016061405138315187,0.004574486659756436,0.9047570200739032,0.050684764997446057,1.4845227314318505,0.029784851823993017
carrying_solver_sweep,forward_euler_ratio8,forward_euler,8,2,ortho_small,0.0,0.001,0.00625,diffrax_tsit5,0.01,0.0010778785295153688,11900,stage 3 | joint training,0.2157504099264831,0.10929585170497064,7.049123858168602,7.998155018287896,16.96860573701812,0.0,0.018873280381248223,0.11018957576218485,0.018873280381248216,0.004958773741942135,0.9184251687129504,0.05045104616249734,1.4881137672998108,0.02981545507129219
carrying_solver_sweep,forward_euler_ratio8,forward_euler,8,0,l2_plus_ortho,1e-05,0.001,0.00625,diffrax_tsit5,0.01,0.003787570915465751,13900,stage 3 | joint training,0.19953681899518907,0.10173555335431152,4.69786998495758,5.4881169841372355,14.056038255103765,0.0,0.018857258214381206,0.06669533752076838,0.018857258214381185,0.004956668459555666,0.8694437490259124,0.05012464572584861,1.4873959892017035,0.02978478961716131
carrying_solver_sweep,forward_euler_ratio8,forward_euler,8,1,l2_plus_ortho,1e-05,0.001,0.00625,diffrax_tsit5,0.01,0.0014268846284553956,14000,stage 3 | joint training,0.20132018710031493,0.10067397394409161,6.6347120405284805,7.448817959009751,16.375513626276003,0.0,0.01579725325717233,0.07248544150279455,0.015797253257172333,0.00453671384946648,0.9046409792021215,0.05074322878436665,1.4843648401519884,0.029788576515109376
carrying_solver_sweep,forward_euler_ratio8,forward_euler,8,2,l2_plus_ortho,1e-05,0.001,0.00625,diffrax_tsit5,0.01,0.0010523062821090432,12100,stage 3 | joint training,0.21465472076426348,0.10858752402747152,7.0615920877530645,8.025789265790143,16.99789438631871,0.0,0.01971063390584152,0.11279387668572807,0.0197106339058415,0.005067583258914947,0.9181880347932435,0.050440892953617915,1.4882333408855313,0.029816576522837604
carrying_solver_sweep,forward_euler_ratio16,forward_euler,16,0,none,0.0,0.0,0.003125,diffrax_tsit5,0.01,0.002064363013263766,13900,stage 3 | joint training,0.05158414892935253,0.025222673368416885,0.6894202993923498,1.011895760943405,6.035581777588849,0.0,0.0074527468338123175,0.06924439108225983,0.00745274683381231,0.0031160813084643675,0.9030683078090823,0.04996852685357678,1.4937850191993327,0.029874157022023305
carrying_solver_sweep,forward_euler_ratio16,forward_euler,16,1,none,0.0,0.0,0.003125,diffrax_tsit5,0.01,0.0012249646615560116,12900,stage 3 | joint training,0.051030088559761946,0.02498890817827006,0.629447276056235,0.9785557072480594,5.935318480160112,0.0,0.0031263093667288308,0.10745044097313107,0.003126309366728827,0.0020182110181725275,0.9364116918627685,0.04989477776576072,1.4958527303581208,0.029935607291529488
carrying_solver_sweep,forward_euler_ratio16,forward_euler,16,2,none,0.0,0.0,0.003125,diffrax_tsit5,0.01,0.0010126710265994567,13600,stage 3 | joint training,0.049304468530137716,0.0250700903539528,0.6889103098899438,1.0351288446925593,6.1044769152591725,0.0,0.004026843714875671,0.09474644511882882,0.004026843714875673,0.002290514177322818,0.9358684086621625,0.05012984673695345,1.4954276074080655,0.029838167043739476
carrying_solver_sweep,forward_euler_ratio16,forward_euler,16,0,l2_small,1e-05,0.0,0.003125,diffrax_tsit5,0.01,0.0021118209409791773,14000,stage 3 | joint training,0.04975583381288257,0.024374859605105496,0.6818402493341746,1.0103341811591762,6.030922858214184,0.0,0.0073401554775573,0.06836543834973505,0.007340155477557314,0.003092453845018508,0.9031078446109769,0.049980346190973565,1.4939042115866634,0.029876289731842982
carrying_solver_sweep,forward_euler_ratio16,forward_euler,16,1,l2_small,1e-05,0.0,0.003125,diffrax_tsit5,0.01,0.0012469264719209355,10400,stage 3 | joint training,0.05402636502105076,0.026519347933926848,0.6162017746835255,0.9628156778892448,5.887390288065911,0.0,0.0028887146810701453,0.10090589034936172,0.002888714681070153,0.0019400053215256896,0.9353995526387486,0.049881130443421906,1.4960517716135329,0.02995082173086391
carrying_solver_sweep,forward_euler_ratio16,forward_euler,16,2,l2_small,1e-05,0.0,0.003125,diffrax_tsit5,0.01,0.0010410186487166395,10800,stage 3 | joint training,0.0522456902566629,0.02669425631242784,0.7127151559217886,1.0463931294467945,6.13760153969648,0.0,0.004837530974898509,0.09947793251869899,0.0048375309748985166,0.002510513010099151,0.9360366932683467,0.05018168571374051,1.4948838343954742,0.02982922813981895
carrying_solver_sweep,forward_euler_ratio16,forward_euler,16,0,ortho_small,0.0,0.001,0.003125,diffrax_tsit5,0.01,0.0023153233442128702,11600,stage 3 | joint training,0.05719966084951488,0.02819512252246988,0.7537784982608106,1.0735604931586786,6.216765859650212,0.0,0.006953382620487922,0.04603854554080798,0.006953382620487934,0.0030098763934664294,0.8798455865053136,0.05008959775469997,1.493773347364893,0.029890381446202013
carrying_solver_sweep,forward_euler_ratio16,forward_euler,16,1,ortho_small,0.0,0.001,0.003125,diffrax_tsit5,0.01,0.001676180122485364,13800,stage 3 | joint training,0.04915883199071726,0.023331152921200488,0.8831175653886341,1.1848104609155234,6.53093994712544,0.0,0.006618867764188093,0.0625273820083456,0.006618867764188079,0.0029365841419905147,0.9121558810775258,0.050352908653815934,1.496616784873516,0.02994486447857556
carrying_solver_sweep,forward_euler_ratio16,forward_euler,16,2,ortho_small,0.0,0.001,0.003125,diffrax_tsit5,0.01,0.0006732509476332704,11500,stage 3 | joint training,0.049847172019141864,0.025286323760333324,1.2263363078881797,1.514468465992625,7.383824535817093,0.0,0.004541939920293221,0.050877180136590254,0.004541939920293239,0.0024326032885057707,0.9188281983311595,0.050598486149436614,1.496460918375807,0.02993457275599849
carrying_solver_sweep,forward_euler_ratio16,forward_euler,16,0,l2_plus_ortho,1e-05,0.001,0.003125,diffrax_tsit5,0.01,0.0023248782742577756,11300,stage 3 | joint training,0.054648663316082355,0.02670119642003361,0.7127873563061284,1.0351250747355734,6.104465798944298,0.0,0.006822535242465219,0.046104673484657105,0.006822535242465208,0.0029814222675536017,0.8808889506855245,0.05009319573511771,1.4937248452976124,0.02988762190247259
carrying_solver_sweep,forward_euler_ratio16,forward_euler,16,1,l2_plus_ortho,1e-05,0.001,0.003125,diffrax_tsit5,0.01,0.0016608530301625705,13800,stage 3 | joint training,0.049185936481071814,0.023274451560341098,0.8824489402317589,1.1825912059275459,6.524820565608809,0.0,0.006875229534191757,0.06343322167557024,0.006875229534191749,0.0029929137252306865,0.9119587187773752,0.0503559287963848,1.4967518043638428,0.029947365114878558
carrying_solver_sweep,forward_euler_ratio16,forward_euler,16,2,l2_plus_ortho,1e-05,0.001,0.003125,diffrax_tsit5,0.01,0.0007159116641689829,11200,stage 3 | joint training,0.04972264482381509,0.024805030937803483,1.1996498225295842,1.487421365575552,7.317593126207543,0.0,0.0047805835561200456,0.052015148827531735,0.004780583556120044,0.0024956923832125167,0.9188445910666471,0.05060567605419457,1.4961912474345882,0.029930790538569636
carrying_solver_sweep,heun_ratio1,heun,1,0,none,0.0,0.0,0.05,diffrax_tsit5,0.01,0.0029866945472607886,11300,stage 3 | joint training,0.006096801717764729,0.002087312232461602,0.23415800001602805,0.24117154759234616,2.9465531920066304,0.0,0.004595881374210056,0.045851946804166606,0.004595881374210054,0.002447005819174177,0.8935593488030401,0.05002171810575257,1.4949051326251397,0.029889719691061734
carrying_solver_sweep,heun_ratio1,heun,1,1,none,0.0,0.0,0.05,diffrax_tsit5,0.01,0.0012270332801118228,7900,stage 3 | joint training,0.005417492197426185,0.0016476209510832922,0.591435759313886,0.6650358031077671,4.892983641080319,0.0,0.0013854522982762521,0.04572890639629594,0.001385452298276253,0.001343526959898288,0.929021451382844,0.050141178653821915,1.501113445664073,0.0300462724037957
carrying_solver_sweep,heun_ratio1,heun,1,2,none,0.0,0.0,0.05,diffrax_tsit5,0.01,0.0006125642234592395,9800,stage 3 | joint training,0.0029052016275159733,0.000758506673414043,0.14045034788970198,0.149190552070305,2.3175115694492185,0.0,0.002211010652624915,0.06595742742614141,0.0022110106526249187,0.0016972507701851114,0.9368319793334445,0.050230827113013125,1.496842459490195,0.02992978078479358
carrying_solver_sweep,heun_ratio1,heun,1,0,l2_small,1e-05,0.0,0.05,diffrax_tsit5,0.01,0.0038912000652017876,8000,stage 3 | joint training,0.007206145972260385,0.0027461583266996537,0.2310473831593121,0.24060436154465228,2.94308630787605,0.0,0.00466605014438487,0.04801225265168326,0.00466605014438488,0.002465615194585504,0.8970964618230421,0.05005085359565023,1.4945748912959487,0.02987215335100041
carrying_solver_sweep,heun_ratio1,heun,1,1,l2_small,1e-05,0.0,0.05,diffrax_tsit5,0.01,0.0012256280485339328,9200,stage 3 | joint training,0.004910489666293231,0.0016438776375945765,0.5756678584155156,0.6485578450653734,4.831985349972974,0.0,0.0011289869400521893,0.043523602642497806,0.0011289869400521897,0.0012128163860497072,0.9290665089602529,0.05007577338557752,1.5008041299734822,0.03004332872294437
carrying_solver_sweep,heun_ratio1,heun,1,2,l2_small,1e-05,0.0,0.05,diffrax_tsit5,0.01,0.0005887554567443071,11000,stage 3 | joint training,0.0033475915482312686,0.0009189988703529007,0.1774974719239632,0.19211505500447634,2.629855885816017,0.0,0.0018931478600454877,0.062130516509777564,0.001893147860045489,0.001570517804954551,0.9365200654951781,0.05020138408691794,1.4971953755908602,0.029941227413980285
carrying_solver_sweep,heun_ratio1,heun,1,0,ortho_small,0.0,0.001,0.05,diffrax_tsit5,0.01,0.003699500133688873,8500,stage 3 | joint training,0.008443343322242421,0.0028979446055553163,0.2880652490092382,0.320944002775645,3.3991151936824995,0.0,0.0030361336452920315,0.029144341975350894,0.003036133645292038,0.001988891259470212,0.8818414697336606,0.050280712219027905,1.495526829777152,0.029884778356701447
carrying_solver_sweep,heun_ratio1,heun,1,1,ortho_small,0.0,0.001,0.05,diffrax_tsit5,0.01,0.001895903128633196,14000,stage 3 | joint training,0.0034968238452446525,0.001125020658442925,0.25418702982140456,0.2617883184862514,3.0699152212243668,0.0,0.002754592886061588,0.028411667523731463,0.0027545928860615914,0.0018944332504286438,0.8793287017903872,0.05013169650382896,1.497416026416323,0.029949773382202192
carrying_solver_sweep,heun_ratio1,heun,1,2,ortho_small,0.0,0.001,0.05,diffrax_tsit5,0.01,0.000530917108351371,13500,stage 3 | joint training,0.0027893580284378545,0.0006590876579328555,0.05084572411955244,0.05331898623939995,1.3854542593021246,0.0,0.00221163414473505,0.06295770740415832,0.002211634144735051,0.0016974900607263502,0.9368321059442065,0.05028298388159493,1.4967960570666277,0.029953868735579887
carrying_solver_sweep,heun_ratio1,heun,1,0,l2_plus_ortho,1e-05,0.001,0.05,diffrax_tsit5,0.01,0.0014744771769394642,13900,stage 3 | joint training,0.0031759675024344907,0.0009985866539038298,0.27150913705585356,0.2797375855285101,3.173413474324826,0.0,0.002730995730967135,0.02885503712727978,0.002730995730967127,0.0018863014889203317,0.8796233255338656,0.050084616548156664,1.4971500640502782,0.029948109887393576
carrying_solver_sweep,heun_ratio1,heun,1,1,l2_plus_ortho,1e-05,0.001,0.05,diffrax_tsit5,0.01,0.001711804663238611,12500,stage 3 | joint training,0.004727399003468896,0.0013002420614869662,0.21517534513701084,0.2272036243132537,2.8599528799050398,0.0,0.0025646049993212285,0.028139381369179487,0.0025646049993212233,0.0018279353817311037,0.8820538144691438,0.05014697144008413,1.4971135724200935,0.029945473385819644
carrying_solver_sweep,heun_ratio1,heun,1,2,l2_plus_ortho,1e-05,0.001,0.05,diffrax_tsit5,0.01,0.0005919044155056332,10900,stage 3 | joint training,0.0027646511970686374,0.0006638800245023579,0.04795555102735663,0.04931365323899015,1.3324006591876354,0.0,0.003208833040599216,0.07227012719068485,0.003208833040599209,0.002044674389729798,0.937329978408773,0.05035327904842043,1.4954549561233672,0.029928700164807816
carrying_solver_sweep,heun_ratio2,heun,2,0,none,0.0,0.0,0.025,diffrax_tsit5,0.01,0.0011839359687038653,13900,stage 3 | joint training,0.0022990684270947003,0.0009469831544350393,0.762987214512136,0.7740239351860082,5.278717805177343,0.0,0.0029813442297055167,0.046192047785092255,0.002981344229705514,0.0019708640080112146,0.903435723513603,0.04988061108960754,1.498019906563117,0.02994231223486835
carrying_solver_sweep,heun_ratio2,heun,2,1,none,0.0,0.0,0.025,diffrax_tsit5,0.01,0.0007853051862607522,10100,stage 3 | joint training,0.0025494685862762585,0.0007853639052186474,0.7906716384734774,0.8427812749428171,5.50818716983559,0.0,0.000505975933372313,0.03606622434185235,0.0005059759333723125,0.000811924276573924,0.9316316218953252,0.049916680177758486,1.4998278709742465,0.03001887527092675
carrying_solver_sweep,heun_ratio2,heun,2,2,none,0.0,0.0,0.025,diffrax_tsit5,0.01,0.0005098096913035228,10200,stage 3 | joint training,0.0015592758265746,0.0003922685435892227,0.35306790995350984,0.349657831244648,3.5479123333035343,0.0,0.0024335850008533246,0.07530903573384293,0.0024335850008533238,0.001780630700411004,0.9345321655882829,0.05006532427499656,1.497655468717053,0.029920793910811882
carrying_solver_sweep,heun_ratio2,heun,2,0,l2_small,1e-05,0.0,0.025,diffrax_tsit5,0.01,0.0013276304840543127,11000,stage 3 | joint training,0.0031157924211602126,0.0011658178884988997,0.7095308973866828,0.7269845755018792,5.115803428403759,0.0,0.003597265542838821,0.05083960960533286,0.003597265542838822,0.0021648950418183153,0.9029135010993891,0.04985891996337872,1.497570822777379,0.029935693719393884
carrying_solver_sweep,heun_ratio2,heun,2,1,l2_small,1e-05,0.0,0.025,diffrax_tsit5,0.01,0.0007768989621285618,10200,stage 3 | joint training,0.0025638268688704426,0.000776622860029359,0.7863730272199826,0.8390597095064819,5.496012149025269,0.0,0.0005164095248682889,0.03603071995016699,0.0005164095248682912,0.0008202527949829861,0.9315267783781026,0.04992510766179251,1.4998918592653534,0.030019565191986324
carrying_solver_sweep,heun_ratio2,heun,2,2,l2_small,1e-05,0.0,0.025,diffrax_tsit5,0.01,0.0004883075291884276,11700,stage 3 | joint training,0.0015137230725489142,0.0003628743916829223,0.36550368891543755,0.3620625851915094,3.6102981963951866,0.0,0.002305033352521466,0.07254472514859989,0.00230503335252147,0.0017329626547800477,0.9342955599344147,0.05006870272387191,1.4978430329212544,0.029925562876424724
carrying_solver_sweep,heun_ratio2,heun,2,0,ortho_small,0.0,0.001,0.025,diffrax_tsit5,0.01,0.0006963946427140368,13000,stage 3 | joint training,0.002611989209005855,0.0006574823945821563,0.5055227954958341,0.5209105759959842,4.330448098737062,0.0,0.0011431600094617613,0.019452301621049304,0.0011431600094617552,0.0012204053662117223,0.8829175623477775,0.05007964336403599,1.498499509024412,0.029970686357100977
carrying_solver_sweep,heun_ratio2,heun,2,1,ortho_small,0.0,0.001,0.025,diffrax_tsit5,0.01,0.001980604816368841,10900,stage 3 | joint training,0.003735894852964139,0.0017041297600830876,0.5449376922783201,0.5512368086937854,4.454719420230221,0.0,0.0023557999589227598,0.026593843696767167,0.0023557999589227637,0.0017519423129937063,0.8850645195159705,0.050285161841578524,1.4976728084955089,0.029949915144168598
carrying_solver_sweep,heun_ratio2,heun,2,2,ortho_small,0.0,0.001,0.025,diffrax_tsit5,0.01,0.0005274459071515557,6100,stage 3 | joint training,0.00157085265561336,0.0004126929761543971,0.29293084632988076,0.2792702797696326,3.170761749439206,0.0,0.0036188715263249654,0.06219034320756261,0.0036188715263249715,0.0021713867313095667,0.9336897046014633,0.05052089114223221,1.495678794175773,0.02991161702865336
carrying_solver_sweep,heun_ratio2,heun,2,0,l2_plus_ortho,1e-05,0.001,0.025,diffrax_tsit5,0.01,0.0007283672119214353,13700,stage 3 | joint training,0.002065023113763008,0.0006143566236858989,0.6218413332268591,0.6287735253931807,4.75771446328534,0.0,0.0014019555469550339,0.021613365051502756,0.0014019555469550313,0.0013515051923736188,0.8832810082391415,0.05008265370057638,1.4984648069392934,0.029968510039796895
carrying_solver_sweep,heun_ratio2,heun,2,1,l2_plus_ortho,1e-05,0.001,0.025,diffrax_tsit5,0.01,0.00209136761205639,11400,stage 3 | joint training,0.0033988901509498155,0.001739677006023745,0.6042654957988871,0.6047536199871689,4.665954384639662,0.0,0.0024818079377166174,0.0272441589854748,0.002481807937716633,0.0017981862875890333,0.8848139566531268,0.05028236605544978,1.4976996529915623,0.029949973415533526
carrying_solver_sweep,heun_ratio2,heun,2,2,l2_plus_ortho,1e-05,0.001,0.025,diffrax_tsit5,0.01,0.0005177938202972237,7800,stage 3 | joint training,0.0015002303174746535,0.0004029560664707308,0.2477332912255752,0.2361241764462376,2.9155566110203646,0.0,0.0029077270204412972,0.05927788887451428,0.0029077270204412842,0.0019463790125265168,0.9332996297529558,0.05042286634312699,1.4966011062708344,0.029932271430958994
carrying_solver_sweep,heun_ratio4,heun,4,0,none,0.0,0.0,0.0125,diffrax_tsit5,0.01,0.0016655343365398374,13700,stage 3 | joint training,0.003038046294038088,0.0015806533312936793,0.859936494410347,0.8665326352639323,5.585264082342173,0.0,0.0028771707902787566,0.04374050322419739,0.0028771707902787613,0.0019361251134036085,0.8997680230944994,0.049827803012446846,1.4977861923522222,0.02994132308921872
carrying_solver_sweep,heun_ratio4,heun,4,1,none,0.0,0.0,0.0125,diffrax_tsit5,0.01,0.0007632188014931045,8400,stage 3 | joint training,0.0026642301981469533,0.0007439596801220279,0.9815951351298409,1.0357133341977236,6.106200130287089,0.0,0.0008473640815288619,0.04663527338124788,0.0008473640815288597,0.0010507166696453211,0.931839404287113,0.04992450552911146,1.4994285329838604,0.03000934705605632
carrying_solver_sweep,heun_ratio4,heun,4,2,none,0.0,0.0,0.0125,diffrax_tsit5,0.01,0.0005516936396880485,13900,stage 3 | joint training,0.0017955700832482237,0.0005011486386936491,0.5220125853332367,0.5171990004170339,4.314992933367704,0.0,0.001422427373503793,0.06208206710386903,0.0014224273735038012,0.001361336997369931,0.9343200174119997,0.04997923342421248,1.499230579953464,0.029935376806045667
carrying_solver_sweep,heun_ratio4,heun,4,0,l2_small,1e-05,0.0,0.0125,diffrax_tsit5,0.01,0.00289624610506129,7700,stage 3 | joint training,0.005018094175827717,0.0027968333745129886,0.8236839609798066,0.8389191581765553,5.495551809814551,0.0,0.002807499697868494,0.04273962790214519,0.00280749969786849,0.0019125396873389219,0.9016601400864449,0.04991356335270419,1.4973499549783584,0.029914039099453078
carrying_solver_sweep,heun_ratio4,heun,4,1,l2_small,1e-05,0.0,0.0125,diffrax_tsit5,0.01,0.0007003994625284125,10100,stage 3 | joint training,0.0023563372100303954,0.0006841011134927249,0.895178097618226,0.9383956099650835,5.8122493028725986,0.0,0.0005133500643206406,0.037575342385993575,0.0005133500643206427,0.0008178193977318286,0.9321859827485647,0.04990016523894304,1.4995459096851878,0.03000787066946329
carrying_solver_sweep,heun_ratio4,heun,4,2,l2_small,1e-05,0.0,0.0125,diffrax_tsit5,0.01,0.0005488518684296383,12300,stage 3 | joint training,0.0018298202137518762,0.0005148118369353748,0.4644648296865248,0.4639003018707397,4.086613618553463,0.0,0.0017866905690820936,0.06809699015309223,0.001786690569082089,0.001525721511270627,0.9340088721067853,0.049991195907181846,1.4986404465573584,0.029925621410772155
carrying_solver_sweep,heun_ratio4,heun,4,0,ortho_small,0.0,0.001,0.0125,diffrax_tsit5,0.01,0.0007290461884249692,12300,stage 3 | joint training,0.002602241504294836,0.0006897528527591136,0.859900962083927,0.8777195727636268,5.621201350200023,0.0,0.0013389253754690614,0.021009847405918273,0.0013389253754690566,0.001320774827416899,0.8833770684338401,0.050100368132851604,1.4986259321502156,0.029968525680632352
carrying_solver_sweep,heun_ratio4,heun,4,1,ortho_small,0.0,0.001,0.0125,diffrax_tsit5,0.01,0.0018415766892385403,13000,stage 3 | joint training,0.003376300554915467,0.0017561551690924069,0.7535915722912029,0.7641378675676836,5.244898781905769,0.0,0.00207708463961979,0.02946280898469198,0.002077084639619783,0.0016450446645118347,0.8945060894447447,0.05016205023527534,1.4980711000489142,0.029963463985188524
carrying_solver_sweep,heun_ratio4,heun,4,2,ortho_small,0.0,0.001,0.0125,diffrax_tsit5,0.01,0.00036642091371223923,12200,stage 3 | joint training,0.0015206245561078828,0.0003374420950225826,0.31588823734834737,0.3046263910646578,3.3115781854468844,0.0,0.0017595652629611724,0.04976078428551881,0.0017595652629611655,0.00151409556284865,0.933419794731516,0.05032569856021094,1.4976950252338155,0.029958293109613503
carrying_solver_sweep,heun_ratio4,heun,4,0,l2_plus_ortho,1e-05,0.001,0.0125,diffrax_tsit5,0.01,0.0007703177246957519,14000,stage 3 | joint training,0.0023784995678098114,0.0007289068837412563,0.8269199939454399,0.8338061462761676,5.478779176599659,0.0,0.0012264737366504907,0.020324193135427288,0.0012264737366504928,0.0012640950284884792,0.8836428822983289,0.05008013961093165,1.4986998970900878,0.029972463711791224
carrying_solver_sweep,heun_ratio4,heun,4,1,l2_plus_ortho,1e-05,0.001,0.0125,diffrax_tsit5,0.01,0.0027828179214024486,7900,stage 3 | joint training,0.005515759186367971,0.0027164306866366925,0.6421022639927519,0.6588584629776761,4.870205813638305,0.0,0.0024031402963327862,0.03349234416584684,0.002403140296332781,0.0017694575974135417,0.9001986926141521,0.050218438181295726,1.4971603599858896,0.029930500957483286
carrying_solver_sweep,heun_ratio4,heun,4,2,l2_plus_ortho,1e-05,0.001,0.0125,diffrax_tsit5,0.01,0.0004012848585821959,8700,stage 3 | joint training,0.001608994252035816,0.0003693066687305325,0.32425482372797276,0.3092742456820219,3.336745846562604,0.0,0.0025973751953143344,0.0559562346750002,0.002597375195314344,0.0018395768741280127,0.9339723808609252,0.050445709496697015,1.4970081887512405,0.029940048387089725
carrying_solver_sweep,heun_ratio8,heun,8,0,none,0.0,0.0,0.00625,diffrax_tsit5,0.01,0.0023079137911422923,10000,stage 3 | joint training,0.004212575898019255,0.002286070832214814,0.8274806007929486,0.8401152974859887,5.4994682206096615,0.0,0.0028248974803085193,0.04284157986302092,0.0028248974803085107,0.0019184564394798714,0.9001108470585814,0.04986265131684439,1.4975128697295752,0.029931103946032718
carrying_solver_sweep,heun_ratio8,heun,8,1,none,0.0,0.0,0.00625,diffrax_tsit5,0.01,0.0006936940541551967,9200,stage 3 | joint training,0.0025142857805148786,0.0006929568796533363,0.8779655374045463,0.9263309225265052,5.7747652082967145,0.0,0.000687210336171127,0.043579393065626144,0.000687210336171127,0.0009462272226746272,0.9322912391202548,0.04990104901594849,1.4993307027731837,0.030007092209338733
carrying_solver_sweep,heun_ratio8,heun,8,2,none,0.0,0.0,0.00625,diffrax_tsit5,0.01,0.0005289988553769732,13100,stage 3 | joint training,0.0018816620529760698,0.0005180712151769338,0.5254657454033731,0.5231391069813986,4.339701355085435,0.0,0.001488814796394841,0.06291290903804267,0.0014888147963948422,0.0013927428419942733,0.934167124000078,0.049983830340927904,1.49906134479556,0.029930430914847345
carrying_solver_sweep,heun_ratio8,heun,8,0,l2_small,1e-05,0.0,0.00625,diffrax_tsit5,0.01,0.001631090016823839,12500,stage 3 | joint training,0.003273215726564158,0.001611070630070408,0.8153928036529952,0.8236875543102506,5.4454340465355955,0.0,0.002629134834476803,0.0415145461142487,0.0026291348344767945,0.0018507894983919903,0.89933409637632,0.049827372419510074,1.4978304434320335,0.029945031612198535
carrying_solver_sweep,heun_ratio8,heun,8,1,l2_small,1e-05,0.0,0.00625,diffrax_tsit5,0.01,0.0006863065358195215,8900,stage 3 | joint training,0.0024940561625920446,0.0006827388016631428,0.9287866420845333,0.9772951878507865,5.931494479692982,0.0,0.00066283774025851,0.04180112755849854,0.0006628377402585127,0.0009292963062823015,0.9319556806313525,0.04991443244890527,1.4995620955607598,0.030010598131840174
carrying_solver_sweep,heun_ratio8,heun,8,2,l2_small,1e-05,0.0,0.00625,diffrax_tsit5,0.01,0.000614432083511398,13900,stage 3 | joint training,0.001962577327665412,0.0006012252953100818,0.5563862527205805,0.5534800721274364,4.463774478688156,0.0,0.001387378814101165,0.05973766404029741,0.0013873788141011648,0.0013444607440459488,0.933427993074512,0.049976269932964,1.4990738428492747,0.029931911540168523
carrying_solver_sweep,heun_ratio8,heun,8,0,ortho_small,0.0,0.001,0.00625,diffrax_tsit5,0.01,0.0006300655786522689,13500,stage 3 | joint training,0.002318392055958616,0.0006226428021241957,0.7678118039314028,0.7787341508493766,5.294754898064457,0.0,0.0011143266139049602,0.019244470298242458,0.0011143266139049535,0.0012049162138160284,0.8832709829609312,0.050085856645962226,1.4987419664553603,0.0299746107203841
carrying_solver_sweep,heun_ratio8,heun,8,1,ortho_small,0.0,0.001,0.00625,diffrax_tsit5,0.01,0.002825904259174932,7300,stage 3 | joint training,0.005201356153234463,0.002802339002241661,0.8087191647142977,0.8261857712469366,5.4536857046303755,0.0,0.0024330607513947276,0.033458040025777035,0.0024330607513947406,0.0017804388959415276,0.9001156512429404,0.050232187663682086,1.4971294544031852,0.029918836183155682
carrying_solver_sweep,heun_ratio8,heun,8,2,ortho_small,0.0,0.001,0.00625,diffrax_tsit5,0.01,0.00036168966723795786,13800,stage 3 | joint training,0.0016627966939050008,0.00035203005083191737,0.3729213950608871,0.3589548483207562,3.594770443233785,0.0,0.0015470062797087406,0.04745736586642075,0.0015470062797087348,0.0014197001729059717,0.9333435390384663,0.050301631708431924,1.4979226706430322,0.029963229422116783
carrying_solver_sweep,heun_ratio8,heun,8,0,l2_plus_ortho,1e-05,0.001,0.00625,diffrax_tsit5,0.01,0.0007129734999012823,12500,stage 3 | joint training,0.0026164372967839022,0.0007058937083842255,0.8022819290477748,0.8194977155831057,5.431566786940192,0.0,0.0012454425781445791,0.02029700719333146,0.0012454425781445763,0.001273832870439291,0.8835515400984519,0.050101581254563154,1.4986638303742907,0.029969883851823254
carrying_solver_sweep,heun_ratio8,heun,8,1,l2_plus_ortho,1e-05,0.001,0.00625,diffrax_tsit5,0.01,0.0026547657217361902,8000,stage 3 | joint training,0.004984576602407968,0.002634674292259936,0.7072810418997395,0.717457052207757,5.082170193871832,0.0,0.002616783473612998,0.034378371044656506,0.0026167834736130005,0.0018464369866754593,0.899287314428222,0.050226527867088824,1.4973163220112655,0.02993372087048863
carrying_solver_sweep,heun_ratio8,heun,8,2,l2_plus_ortho,1e-05,0.001,0.00625,diffrax_tsit5,0.01,0.00037272406352441176,10600,stage 3 | joint training,0.0017327453475246492,0.00036319145943787155,0.3718194141762979,0.35611901560233594,3.580542495444523,0.0,0.0019913507426901895,0.05148925844946934,0.001991350742690185,0.0016107364147249208,0.9337136263665771,0.05037105555090974,1.497489147269294,0.029951335616648707
carrying_solver_sweep,heun_ratio16,heun,16,0,none,0.0,0.0,0.003125,diffrax_tsit5,0.01,0.0018045641674352283,14000,stage 3 | joint training,0.003307967606584779,0.0017986691861792473,0.9193316499800831,0.9240986503639544,5.767802997078035,0.0,0.002811176195949283,0.042464368489571476,0.0028111761959492836,0.0019137915393039444,0.8986733992030469,0.04982681962724135,1.497816061574681,0.02994384195402087
carrying_solver_sweep,heun_ratio16,heun,16,1,none,0.0,0.0,0.003125,diffrax_tsit5,0.01,0.000696968917886436,8900,stage 3 | joint training,0.00256958207701068,0.0006957315622860839,0.9829411835295687,1.0336879865637953,6.100226841380297,0.0,0.0006720753150843965,0.042396183260824866,0.0006720753150843992,0.0009357494253402054,0.9321485818400358,0.049913406731051525,1.4995030622193881,0.03000939044096625
carrying_solver_sweep,heun_ratio16,heun,16,2,none,0.0,0.0,0.003125,diffrax_tsit5,0.01,0.0006704661856924856,13800,stage 3 | joint training,0.002047605172708709,0.0006668267052125549,0.5816512955828008,0.5781255287311532,4.562073983871976,0.0,0.0013370199220682384,0.05955859988464403,0.001337019922068243,0.0013198346813288807,0.9338336404336426,0.049973795924561824,1.4991021768389594,0.029933017273613353
carrying_solver_sweep,heun_ratio16,heun,16,0,l2_small,1e-05,0.0,0.003125,diffrax_tsit5,0.01,0.0018081565421410397,14000,stage 3 | joint training,0.003341090170611119,0.0018021086654219957,0.9512140447228581,0.9557806103452636,5.865841966199694,0.0,0.002801730628397248,0.042397364180623585,0.0028017306283972436,0.0019105736589320934,0.8986429684012923,0.0498256387247976,1.4979855593757814,0.029946617626277067
carrying_solver_sweep,heun_ratio16,heun,16,1,l2_small,1e-05,0.0,0.003125,diffrax_tsit5,0.01,0.0006899713412023381,8600,stage 3 | joint training,0.0025291019244254725,0.0006887528825546037,0.9651145042438718,1.0139775739974017,6.041787207764476,0.0,0.0006678067437310491,0.04204489172283846,0.0006678067437310423,0.0009327730656810789,0.932008284292609,0.04991404585797064,1.4995451257336465,0.0300097466855653
carrying_solver_sweep,heun_ratio16,heun,16,2,l2_small,1e-05,0.0,0.003125,diffrax_tsit5,0.01,0.000668431463596166,11600,stage 3 | joint training,0.0020770324144544485,0.0006660428351485718,0.5042090426291828,0.5049830566817558,4.263729592802903,0.0,0.0016979715464354175,0.06646489074093259,0.0016979715464354155,0.001487358984142764,0.9338251733578078,0.04998367249496946,1.4986526439370174,0.029923313640826666
carrying_solver_sweep,heun_ratio16,heun,16,0,ortho_small,0.0,0.001,0.003125,diffrax_tsit5,0.01,0.0007583495632272547,14000,stage 3 | joint training,0.0024977999181219324,0.0007555145508135362,0.8551726575652072,0.8614904626127925,5.568990631529248,0.0,0.0011169825376294129,0.019235513501050714,0.001116982537629413,0.0012063512782494253,0.8829665982370999,0.050080301584826854,1.4987320320422048,0.029973441800609325
carrying_solver_sweep,heun_ratio16,heun,16,1,ortho_small,0.0,0.001,0.003125,diffrax_tsit5,0.01,0.002461565115453385,8800,stage 3 | joint training,0.004602862369329943,0.002456510329922974,0.7434177892431267,0.7545076858825006,5.211744112268946,0.0,0.0023947851274020064,0.03285956502449592,0.002394785127402013,0.001766378919526891,0.8985060200810586,0.050203120475397725,1.4976631430287244,0.029950485162305876
carrying_solver_sweep,heun_ratio16,heun,16,2,ortho_small,0.0,0.001,0.003125,diffrax_tsit5,0.01,0.00037723354793679206,10700,stage 3 | joint training,0.0016558459890991199,0.00037521432143480435,0.3448679793139977,0.33130823751043076,3.4535628777214273,0.0,0.001973556005804793,0.05130304109032377,0.001973556005804785,0.0016035234837746004,0.9337203135552196,0.05037009469657538,1.497495613805244,0.029952791912337965
carrying_solver_sweep,heun_ratio16,heun,16,0,l2_plus_ortho,1e-05,0.001,0.003125,diffrax_tsit5,0.01,0.0007585257271060456,13800,stage 3 | joint training,0.0025137284259972204,0.0007557280999372155,0.8657196730394463,0.8725522747153991,5.60463039724783,0.0,0.001143612498395165,0.01951309644745191,0.001143612498395154,0.001220646874523502,0.8832239378168355,0.050081879987096685,1.4987355650666923,0.029973552424948764
carrying_solver_sweep,heun_ratio16,heun,16,1,l2_plus_ortho,1e-05,0.001,0.003125,diffrax_tsit5,0.01,0.0024358118932336836,8700,stage 3 | joint training,0.004430661285060468,0.002430426171838436,0.7438767639992989,0.7518606899215668,5.202594048854514,0.0,0.0025022978681588557,0.03379108533632533,0.002502297868158865,0.0018055939873886904,0.8990345959056844,0.050206504727351886,1.4975029800018305,0.029943489606853387
carrying_solver_sweep,heun_ratio16,heun,16,2,l2_plus_ortho,1e-05,0.001,0.003125,diffrax_tsit5,0.01,0.0003567372085727942,12200,stage 3 | joint training,0.0016729127734074133,0.00035446107813481224,0.36137010676828796,0.3469725403716623,3.5342625048770566,0.0,0.0017274468371153298,0.04925647204305764,0.0017274468371153327,0.0015002130613290196,0.933477522108519,0.05032882246321303,1.4977387285738655,0.02995824241755405
carrying_solver_sweep,rk4_ratio1,rk4,1,0,none,0.0,0.0,0.05,diffrax_tsit5,0.01,0.0023640937548935325,9700,stage 3 | joint training,0.004394378813629333,0.0023638769025918103,0.7908482246427492,0.8046209007709018,5.382039801762197,0.0,0.002834769133140552,0.042788749987096815,0.002834769133140555,0.0019218055556577557,0.900093637690552,0.04986806325882885,1.4975036803902368,0.02993167893348772
carrying_solver_sweep,rk4_ratio1,rk4,1,1,none,0.0,0.0,0.05,diffrax_tsit5,0.01,0.0007029634611487629,10300,stage 3 | joint training,0.0024753363447741383,0.0007028035902864985,0.9518192805088973,0.9954135907713528,5.986224959669383,0.0,0.0004895144083922219,0.03696793536665241,0.0004895144083922195,0.00079860741194896,0.932212031709121,0.04989330408608309,1.4995948027723573,0.030009296343471978
carrying_solver_sweep,rk4_ratio1,rk4,1,2,none,0.0,0.0,0.05,diffrax_tsit5,0.01,0.0006367185830943325,12400,stage 3 | joint training,0.0020352261712426336,0.0006364524546807034,0.5674792985835992,0.5654151344190232,4.511645469125964,0.0,0.0015315108523871592,0.06397524919498596,0.001531510852387166,0.0014125721392033018,0.934051804533051,0.04997734343830363,1.4987963942844031,0.029925501749155793
carrying_solver_sweep,rk4_ratio1,rk4,1,0,l2_small,1e-05,0.0,0.05,diffrax_tsit5,0.01,0.0022765964024726777,10100,stage 3 | joint training,0.004466731829389567,0.002276589831431532,0.7214113012273935,0.7364245410500909,5.148910902103791,0.0,0.0028172001824787398,0.04266665482450541,0.0028172001824787437,0.001915840945700925,0.8996662874871412,0.0498530104468433,1.4974812400285478,0.029936347852434857
carrying_solver_sweep,rk4_ratio1,rk4,1,1,l2_small,1e-05,0.0,0.05,diffrax_tsit5,0.01,0.0007484953395357381,10700,stage 3 | joint training,0.002549168165999424,0.0007482622262767012,0.9774542590619423,1.0188367933814506,6.056246738841824,0.0,0.00047667425762160575,0.03612566339787315,0.00047667425762160174,0.0007880639231420692,0.9319627715438075,0.04989499250773722,1.499752515439472,0.03001096073073725
carrying_solver_sweep,rk4_ratio1,rk4,1,2,l2_small,1e-05,0.0,0.05,diffrax_tsit5,0.01,0.0006101345759070481,13700,stage 3 | joint training,0.0019751037768011713,0.0006103004455052995,0.45895285019635745,0.46437440292664034,4.088701322591204,0.0,0.0012187849475046154,0.05639813809834472,0.0012187849475046233,0.0012601264800818639,0.9335135013641442,0.049971705644429376,1.499268912503106,0.029939232415847516
carrying_solver_sweep,rk4_ratio1,rk4,1,0,ortho_small,0.0,0.001,0.05,diffrax_tsit5,0.01,0.0006664174113189552,13700,stage 3 | joint training,0.0023447542564735083,0.0006662845034421088,0.773408627066124,0.7874367831557226,5.324258088560885,0.0,0.001183918651287385,0.01975631555338367,0.0011839186512873775,0.0012419712085923206,0.8831831359614062,0.05009397804235863,1.4987278793848684,0.029970643931794723
carrying_solver_sweep,rk4_ratio1,rk4,1,1,ortho_small,0.0,0.001,0.05,diffrax_tsit5,0.01,0.0019329373927630938,10400,stage 3 | joint training,0.003913014829614706,0.0019329109933650444,0.6030996753355277,0.6050076200783275,4.6669341459699,0.0,0.0021809333728799473,0.030815944304074642,0.0021809333728799443,0.0016856670434966044,0.8964377239380688,0.05017634211166301,1.4978760831864741,0.029957851343235968
carrying_solver_sweep,rk4_ratio1,rk4,1,2,ortho_small,0.0,0.001,0.05,diffrax_tsit5,0.01,0.0004241054240349105,7300,stage 3 | joint training,0.001869285401298786,0.0004240035533390608,0.3789325488496902,0.3595163930942975,3.59758115285739,0.0,0.003139573766629425,0.0598668698422238,0.0031395737666294163,0.0020224879497634527,0.934692600320821,0.050505418535801844,1.4965759211558642,0.029927841433155765
carrying_solver_sweep,rk4_ratio1,rk4,1,0,l2_plus_ortho,1e-05,0.001,0.05,diffrax_tsit5,0.01,0.0005997006557115566,13700,stage 3 | joint training,0.0023373542300608387,0.0005996490602261286,0.7550979598788975,0.7671065942486237,5.255077296572377,0.0,0.0010814573850669324,0.018981248906007584,0.0010814573850669335,0.0011870125270271412,0.883146744280283,0.05007848331731715,1.4987329583467492,0.029974878552108546
carrying_solver_sweep,rk4_ratio1,rk4,1,1,l2_plus_ortho,1e-05,0.001,0.05,diffrax_tsit5,0.01,0.0024743771943006895,8900,stage 3 | joint training,0.00460265190462648,0.0024742938166285684,0.7008574016061404,0.7108606286026204,5.058753070638488,0.0,0.0024239695738018764,0.03297404725741983,0.0024239695738018725,0.0017771094610738163,0.8982347361530931,0.050200222429371145,1.4975840630220703,0.029947724375568155
carrying_solver_sweep,rk4_ratio1,rk4,1,2,l2_plus_ortho,1e-05,0.001,0.05,diffrax_tsit5,0.01,0.0003741724888678782,13000,stage 3 | joint training,0.0017340492250316898,0.0003739570402366496,0.3823772707601257,0.3666198981235311,3.6329487104068945,0.0,0.001634398931335374,0.04826422398554234,0.001634398931335373,0.0014592497640038998,0.933357648610738,0.05031567739739121,1.4978416166393085,0.02995983435556873
carrying_solver_sweep,rk4_ratio2,rk4,2,0,none,0.0,0.0,0.025,diffrax_tsit5,0.01,0.0017873178962005327,13600,stage 3 | joint training,0.0033266848993275264,0.0017872792109230762,0.9143155670865266,0.9201694873024158,5.755527911745974,0.0,0.0028188861618526017,0.04265235193966681,0.0028188861618526073,0.0019164141362779856,0.8988898295318815,0.04982799105327004,1.497785623601898,0.029943451784978755
carrying_solver_sweep,rk4_ratio2,rk4,2,1,none,0.0,0.0,0.025,diffrax_tsit5,0.01,0.0006474227540446715,10600,stage 3 | joint training,0.0023637024796817835,0.0006474301849983166,0.8722272264648726,0.9176175657430526,5.747541419315732,0.0,0.00046773753782236105,0.03641671547896403,0.0004677375378223606,0.0007806416334599932,0.9323057839155571,0.0498884804853308,1.499619187235928,0.03001181292526978
carrying_solver_sweep,rk4_ratio2,rk4,2,2,none,0.0,0.0,0.025,diffrax_tsit5,0.01,0.0006168764063393026,14000,stage 3 | joint training,0.0019978110876092857,0.0006168837696353918,0.5112264891008772,0.5180555264345721,4.3185644549600735,0.0,0.001231577713388882,0.05804697876015081,0.0012315777133888905,0.0012667225666667407,0.933893034678158,0.04996020893180254,1.4991504556919826,0.02993837960122536
carrying_solver_sweep,rk4_ratio2,rk4,2,0,l2_small,1e-05,0.0,0.025,diffrax_tsit5,0.01,0.0031829824187265456,7100,stage 3 | joint training,0.005531490415434201,0.0031829479205759655,0.8557294173091282,0.8728377618297697,5.605547201288355,0.0,0.0025805379756172805,0.04061804651651734,0.0025805379756172883,0.001833604745264568,0.901877304677656,0.049938462228996804,1.4974844172905473,0.029914613660185736
carrying_solver_sweep,rk4_ratio2,rk4,2,1,l2_small,1e-05,0.0,0.025,diffrax_tsit5,0.01,0.0007245177451651436,8500,stage 3 | joint training,0.002658520288849593,0.0007245150593061675,1.0035085149646885,1.0558262624846035,6.1652044126245915,0.0,0.0007912798517051391,0.04519652565265722,0.0007912798517051402,0.0010153497135943286,0.9320617501765528,0.049929038472201204,1.4994480087583149,0.03000861186352754
carrying_solver_sweep,rk4_ratio2,rk4,2,2,l2_small,1e-05,0.0,0.025,diffrax_tsit5,0.01,0.0005650322927765965,13700,stage 3 | joint training,0.0019845457226633422,0.000565011034524074,0.5711310487090504,0.5672961095456115,4.5191437179671565,0.0,0.001349790460264246,0.059754101014870345,0.0013497904602642534,0.0013261228982798911,0.93381775848479,0.04997477600963484,1.4992011695987826,0.029935180687275353
carrying_solver_sweep,rk4_ratio2,rk4,2,0,ortho_small,0.0,0.001,0.025,diffrax_tsit5,0.01,0.0006105907401433601,13900,stage 3 | joint training,0.0023053898888417204,0.0006105902490852231,0.7396508862680994,0.750738759568698,5.198710931035994,0.0,0.0010966725841832507,0.01900465237346628,0.001096672584183253,0.0011953334977324046,0.8828920008883967,0.05008573553316813,1.4987315881621515,0.029975918522408853
carrying_solver_sweep,rk4_ratio2,rk4,2,1,ortho_small,0.0,0.001,0.025,diffrax_tsit5,0.01,0.0017175179598480613,13900,stage 3 | joint training,0.0033469270463444547,0.0017174981396056615,0.7613401533205759,0.7673851319789097,5.256031273807334,0.0,0.002230851167399274,0.03019611377401707,0.0022308511673992714,0.0017048489067685458,0.8933782793665469,0.050152023004339276,1.4980294896169242,0.029963268564585206
carrying_solver_sweep,rk4_ratio2,rk4,2,2,ortho_small,0.0,0.001,0.025,diffrax_tsit5,0.01,0.0004555400487998506,6200,stage 3 | joint training,0.0021174721787759103,0.0004555304492466326,0.43304283451308356,0.4111758446008551,3.847379680461857,0.0,0.0037311664848324977,0.06386912846183333,0.003731166484832483,0.0022048188375618644,0.9352302788111275,0.05055179190414642,1.4958031732409534,0.029908167418494384
carrying_solver_sweep,rk4_ratio2,rk4,2,0,l2_plus_ortho,1e-05,0.001,0.025,diffrax_tsit5,0.01,0.000875870633417448,13800,stage 3 | joint training,0.0026930661806298774,0.0008758431623497397,0.936613351259274,0.9455166570518809,5.8342608489737335,0.0,0.0014514319400897454,0.021821155909872273,0.0014514319400897478,0.0013751463957066134,0.8830885743899749,0.05009753215308231,1.4986257175630466,0.029970374102501016
carrying_solver_sweep,rk4_ratio2,rk4,2,1,l2_plus_ortho,1e-05,0.001,0.025,diffrax_tsit5,0.01,0.0022870868512820286,10400,stage 3 | joint training,0.0037486329262067146,0.0022870419271576983,0.8227217984758307,0.8218062734348687,5.439211877069626,0.0,0.002186476272531737,0.03094885266699171,0.002186476272531737,0.0016878077677936983,0.8968646711322974,0.05018323772328549,1.4979270890440763,0.02995193147150924
carrying_solver_sweep,rk4_ratio2,rk4,2,2,l2_plus_ortho,1e-05,0.001,0.025,diffrax_tsit5,0.01,0.0004642846940354181,6100,stage 3 | joint training,0.0019466882617631771,0.00046427581378588,0.4184992510033583,0.3983523013445588,3.7869094058881467,0.0,0.003505630946028906,0.06202333968808589,0.003505630946028906,0.002137143548004173,0.9349866173774264,0.05054203343934791,1.496195791070665,0.02992007230230038
carrying_solver_sweep,rk4_ratio4,rk4,4,0,none,0.0,0.0,0.0125,diffrax_tsit5,0.01,0.002658354466190062,9000,stage 3 | joint training,0.004602124880558195,0.0026583505666534224,0.8871659776200407,0.8974199492152964,5.683935095666617,0.0,0.0027701266982042326,0.042104756951638,0.0027701266982042374,0.0018997673234556816,0.9005533488507624,0.049892855032541546,1.4974374121764555,0.029922524504615123
carrying_solver_sweep,rk4_ratio4,rk4,4,1,none,0.0,0.0,0.0125,diffrax_tsit5,0.01,0.0006636408684427525,9500,stage 3 | joint training,0.0024604078371046273,0.0006636452265204994,0.89549454222962,0.9432212966917127,5.827174845574969,0.0,0.0005885288508464519,0.040748047349739566,0.0005885288508464489,0.000875657911320211,0.9324201619635223,0.04989489160519297,1.4994805069094745,0.030009436015309764
carrying_solver_sweep,rk4_ratio4,rk4,4,2,none,0.0,0.0,0.0125,diffrax_tsit5,0.01,0.0006898262540929803,14000,stage 3 | joint training,0.0020609268954506765,0.0006898232537665114,0.5882036248894639,0.5843944822454008,4.586741911295471,0.0,0.0012953764341928672,0.05877667895731297,0.0012953764341928657,0.0012991179781992295,0.9338921170181156,0.049973097297141854,1.499181490215068,0.029935446524138393
carrying_solver_sweep,rk4_ratio4,rk4,4,0,l2_small,1e-05,0.0,0.0125,diffrax_tsit5,0.01,0.0020741325935091895,11000,stage 3 | joint training,0.003936532787936616,0.002074132802421226,0.7900461310683802,0.7994913512793267,5.364856815056275,0.0,0.002855030776390695,0.04279311219787643,0.002855030776390686,0.0019286614237778612,0.8995572405032571,0.04985694727078788,1.4977470938371276,0.029938438394133203
carrying_solver_sweep,rk4_ratio4,rk4,4,1,l2_small,1e-05,0.0,0.0125,diffrax_tsit5,0.01,0.0006586366962751892,11600,stage 3 | joint training,0.0023345039651874143,0.0006586406792649394,0.8487637987837753,0.8915791340732928,5.665408090035399,0.0,0.00042126683220629867,0.03428837335513324,0.00042126683220630067,0.0007408482006227815,0.9321649315556154,0.04989189721495068,1.4996725836635838,0.03001074563225
carrying_solver_sweep,rk4_ratio4,rk4,4,2,l2_small,1e-05,0.0,0.0125,diffrax_tsit5,0.01,0.0006394100505959757,13400,stage 3 | joint training,0.0019921774463334692,0.0006394093851513627,0.5570206893935687,0.5558198411245874,4.473199557418061,0.0,0.001410708493892227,0.060606269818560994,0.0014107084938922256,0.0013557176106662326,0.9336050636582183,0.049975986751666,1.4989515111777836,0.029931756538756682
carrying_solver_sweep,rk4_ratio4,rk4,4,0,ortho_small,0.0,0.001,0.0125,diffrax_tsit5,0.01,0.0008521404092641174,14000,stage 3 | joint training,0.002636115729135776,0.0008521366198696862,0.9084352394687518,0.916170472451391,5.743007662214119,0.0,0.0013606370902373213,0.02114820361130211,0.001360637090237324,0.001331440458190376,0.8830138729511352,0.050092404391827224,1.49863737586358,0.02997027100165592
carrying_solver_sweep,rk4_ratio4,rk4,4,1,ortho_small,0.0,0.001,0.0125,diffrax_tsit5,0.01,0.002160306560373959,10500,stage 3 | joint training,0.003966455734173689,0.0021603083344546564,0.7253728924771012,0.7338933779643859,5.140054630713363,0.0,0.0023509076558940662,0.03198443060538315,0.002350907655894075,0.0017501222333311769,0.8965309530126244,0.050180085799400274,1.4977965728775218,0.029956313725413627
carrying_solver_sweep,rk4_ratio4,rk4,4,2,ortho_small,0.0,0.001,0.0125,diffrax_tsit5,0.01,0.0004606228295202563,6100,stage 3 | joint training,0.0019388758079477257,0.00046062276192100496,0.417804231507027,0.39776428227612376,3.7841133917921193,0.0,0.00350948548174534,0.06200191173878933,0.003509485481745343,0.002138318148684552,0.9349900432443825,0.05054341890549183,1.4961994730644068,0.029920221684892567
carrying_solver_sweep,rk4_ratio4,rk4,4,0,l2_plus_ortho,1e-05,0.001,0.0125,diffrax_tsit5,0.01,0.0007628953914243833,14000,stage 3 | joint training,0.0025104836778881818,0.00076289195400254,0.8567678199137885,0.8629349000262855,5.573657363073754,0.0,0.0011171821426856912,0.01923907024360922,0.0011171821426856916,0.0012064590610706232,0.8828419632663504,0.05007591443617171,1.49871444411184,0.029972822945999
carrying_solver_sweep,rk4_ratio4,rk4,4,1,l2_plus_ortho,1e-05,0.001,0.0125,diffrax_tsit5,0.01,0.0017945455085354306,13100,stage 3 | joint training,0.00373985741302654,0.0017945505756794694,0.6442237088333731,0.6540200983091923,4.852290545621822,0.0,0.002249659089389182,0.030597854644367126,0.0022496590893891794,0.0017120204667073458,0.8939520039940129,0.050148904807965806,1.4980239852685628,0.0299660413131569
carrying_solver_sweep,rk4_ratio4,rk4,4,2,l2_plus_ortho,1e-05,0.001,0.0125,diffrax_tsit5,0.01,0.00046472231809678013,6200,stage 3 | joint training,0.0021183708333364836,0.0004647219586925526,0.4288507624693656,0.4066427227741832,3.826112651225862,0.0,0.0037886388883902364,0.0641616602236936,0.0037886388883902407,0.002221734726697137,0.9351727257842547,0.05055448170331126,1.495827561856821,0.029908226048383002
carrying_solver_sweep,rk4_ratio8,rk4,8,0,none,0.0,0.0,0.00625,diffrax_tsit5,0.01,0.001810916869407219,13300,stage 3 | joint training,0.003373424706940584,0.001810914080115659,0.9054261194782335,0.9114236488856822,5.728110627413245,0.0,0.002841439534743442,0.04275525496416582,0.00284143953474344,0.0019240652956927927,0.8988386700297992,0.049829425647459395,1.4977355915349422,0.029942215354307595
carrying_solver_sweep,rk4_ratio8,rk4,8,1,none,0.0,0.0,0.00625,diffrax_tsit5,0.01,0.0006435607850057389,10600,stage 3 | joint training,0.002330329752539237,0.0006435641980030339,0.8641642183946566,0.9081352252559652,5.717767755795505,0.0,0.0004552265480410383,0.03588286171690129,0.00045522654804103994,0.0007701306139323585,0.9323004759594484,0.049889586808073094,1.4997091233202775,0.030013645611671358
carrying_solver_sweep,rk4_ratio8,rk4,8,2,none,0.0,0.0,0.00625,diffrax_tsit5,0.01,0.0005953366998452265,14000,stage 3 | joint training,0.001983138725563617,0.0005953351944134024,0.573866628414595,0.569180287196039,4.526642280880764,0.0,0.0012662941357152345,0.0586120857223612,0.001266294135715234,0.0012844520456165083,0.9341654362782152,0.04997335468821985,1.4994068235524458,0.029938908463322388
carrying_solver_sweep,rk4_ratio8,rk4,8,0,l2_small,1e-05,0.0,0.00625,diffrax_tsit5,0.01,0.0028360599017526293,8300,stage 3 | joint training,0.005075006174468342,0.002836061014350927,0.7584978103730329,0.7710036055245078,5.268408659062268,0.0,0.0028339285706863834,0.04220878534741642,0.0028339285706863696,0.001921520608756409,0.9007295915783069,0.04991689013076478,1.4975269532716364,0.029923359836043776
carrying_solver_sweep,rk4_ratio8,rk4,8,1,l2_small,1e-05,0.0,0.00625,diffrax_tsit5,0.01,0.0006644909528083756,10800,stage 3 | joint training,0.0024021525864895386,0.000664492951513196,0.9145887766635967,0.9581968851501035,5.873251898684725,0.0,0.00045727570250779715,0.03606033620847774,0.00045727570250779953,0.0007718619987216372,0.9324276241479011,0.04989126274798549,1.4996618045430685,0.030009828219156404
carrying_solver_sweep,rk4_ratio8,rk4,8,2,l2_small,1e-05,0.0,0.00625,diffrax_tsit5,0.01,0.0007039126720408132,14000,stage 3 | joint training,0.00207119792908613,0.0007039109236151469,0.58862410032967,0.5842486403278161,4.586169540237406,0.0,0.0012847568228235285,0.05742208903538635,0.001284756822823535,0.0012937818767935756,0.9335189867190287,0.04998052890723323,1.4992306682311667,0.02993652884204896
carrying_solver_sweep,rk4_ratio8,rk4,8,0,ortho_small,0.0,0.001,0.00625,diffrax_tsit5,0.01,0.0007639757445173736,13800,stage 3 | joint training,0.0025253722356338264,0.0007639736525759935,0.8669845621756048,0.8735654718309469,5.607883467576166,0.0,0.001148957904834157,0.019459681988435264,0.001148957904834153,0.0012234962867663254,0.8827985037597639,0.05008163400242023,1.4987226071199269,0.029973197876012936
carrying_solver_sweep,rk4_ratio8,rk4,8,1,ortho_small,0.0,0.001,0.00625,diffrax_tsit5,0.01,0.002490979395682475,8900,stage 3 | joint training,0.004384626497738284,0.0024909796977878873,0.8048227738516818,0.8120675318394848,5.406887380575024,0.0,0.0024820743181723113,0.03324452410687128,0.002482074318172318,0.0017982827875685252,0.8981574526037256,0.05020625644230309,1.4975726397613927,0.02994480205421536
carrying_solver_sweep,rk4_ratio8,rk4,8,2,ortho_small,0.0,0.001,0.00625,diffrax_tsit5,0.01,0.00038283552911635044,10300,stage 3 | joint training,0.0017167507384032686,0.00038283685015221827,0.3556960494056138,0.3401211042690999,3.4991941577579824,0.0,0.0021336487119645873,0.05328710614554813,0.0021336487119645946,0.001667293495398082,0.9343001891158493,0.05038945893781679,1.4974049372796587,0.029949546926408874
carrying_solver_sweep,rk4_ratio8,rk4,8,0,l2_plus_ortho,1e-05,0.001,0.00625,diffrax_tsit5,0.01,0.0007951187990339686,12600,stage 3 | joint training,0.002634346369234515,0.0007951213061768585,0.7896422531246602,0.8064689750903332,5.388217061631055,0.0,0.0013993256054886606,0.021451146593580883,0.0013993256054886576,0.0013502369467277694,0.8834246235604409,0.05010539120607213,1.498540208969652,0.029968731626863823
carrying_solver_sweep,rk4_ratio8,rk4,8,1,l2_plus_ortho,1e-05,0.001,0.00625,diffrax_tsit5,0.01,0.002803269615862051,7900,stage 3 | joint training,0.00477399956357514,0.00280326797123057,0.8500345306382545,0.8571137875096198,5.5548264014590325,0.0,0.002611649968931338,0.03448882374103649,0.00261164996893132,0.0018446249631912928,0.8995331609630741,0.05022489248255749,1.497283580255872,0.029930028129926997
carrying_solver_sweep,rk4_ratio8,rk4,8,2,l2_plus_ortho,1e-05,0.001,0.00625,diffrax_tsit5,0.01,0.00046548961835292694,6200,stage 3 | joint training,0.00211935768421305,0.00046548983223393403,0.42920283310294327,0.40695977175319875,3.8276039219223237,0.0,0.0037905203020430767,0.06413800809137278,0.0037905203020430767,0.0022222863078004305,0.9351448345255385,0.05055452855747307,1.4958299041308374,0.029907996530794005
carrying_solver_sweep,rk4_ratio16,rk4,16,0,none,0.0,0.0,0.003125,diffrax_tsit5,0.01,0.0027967251977664338,8200,stage 3 | joint training,0.005509294635354348,0.002796729312915724,0.7053003878061943,0.7238156488376786,5.10464135450831,0.0,0.0026815896596532203,0.04122637358957585,0.0026815896596532212,0.0018691612029744396,0.9005926769550142,0.049903994280049366,1.4974860443485063,0.02992783603364282
carrying_solver_sweep,rk4_ratio16,rk4,16,1,none,0.0,0.0,0.003125,diffrax_tsit5,0.01,0.0007238024737089766,8600,stage 3 | joint training,0.0025933917571350244,0.0007238039941507959,0.9932550596708868,1.0414013197390404,6.122944349788381,0.0,0.0007912171537276761,0.04652510412970304,0.0007912171537276842,0.0010153094865909388,0.9324563145736958,0.0499120388735695,1.4992369142832558,0.030001445270369288
carrying_solver_sweep,rk4_ratio16,rk4,16,2,none,0.0,0.0,0.003125,diffrax_tsit5,0.01,0.0007240961064444988,12500,stage 3 | joint training,0.0020922026249178913,0.0007240958205160852,0.5687999181962442,0.5656376858205147,4.512533289576768,0.0,0.0016051461649361485,0.0659123487317964,0.0016051461649361583,0.0014461318447348782,0.9340743292440918,0.04997165799630291,1.4986998642266074,0.029925036335707946
carrying_solver_sweep,rk4_ratio16,rk4,16,0,l2_small,1e-05,0.0,0.003125,diffrax_tsit5,0.01,0.0017959436494872918,11400,stage 3 | joint training,0.003767530911447345,0.0017959464218385904,0.7181560240557776,0.7279125255760213,5.119067387790159,0.0,0.0026457106818755364,0.04140912955980751,0.0026457106818755286,0.0018566146469086043,0.8992467575808581,0.049835827591269394,1.4977417718743298,0.02994467363814113
carrying_solver_sweep,rk4_ratio16,rk4,16,1,l2_small,1e-05,0.0,0.003125,diffrax_tsit5,0.01,0.0006944495051315458,9100,stage 3 | joint training,0.0025249188042228577,0.0006944506685376108,0.9740019135028323,1.0199134120546134,6.059445753034355,0.0,0.0006556237457491458,0.04240285181627652,0.0006556237457491441,0.000924225473284803,0.9323017933139117,0.049905581939598494,1.4994250323782026,0.0300054696400404
carrying_solver_sweep,rk4_ratio16,rk4,16,2,l2_small,1e-05,0.0,0.003125,diffrax_tsit5,0.01,0.0006767302484059662,12600,stage 3 | joint training,0.0020472386387881607,0.0006767320236869412,0.5401806336969739,0.541999242050121,4.417235868029277,0.0,0.0015469660407160927,0.06393987138085755,0.0015469660407160905,0.001419681708961432,0.933706443305057,0.04997167838415682,1.4987153046655133,0.02992709427949705
carrying_solver_sweep,rk4_ratio16,rk4,16,0,ortho_small,0.0,0.001,0.003125,diffrax_tsit5,0.01,0.0007401130326838059,13900,stage 3 | joint training,0.002476352248196237,0.0007401114432533225,0.8435580543261569,0.8502580929533938,5.532566433972771,0.0,0.0011207876854446399,0.019232180851369497,0.0011207876854446438,0.00120840432832756,0.8828205646590249,0.05008058261556238,1.498720247214013,0.02997296482125792
carrying_solver_sweep,rk4_ratio16,rk4,16,1,ortho_small,0.0,0.001,0.003125,diffrax_tsit5,0.01,0.002696660110747691,8300,stage 3 | joint training,0.005344119854179976,0.0026966654727378844,0.6382702124385885,0.6498590734764083,4.8368302270340955,0.0,0.002605850059642,0.034132744723739866,0.002605850059641997,0.0018425755683562216,0.8987431735057203,0.05022056583619919,1.4974417572306675,0.02994165632605491
carrying_solver_sweep,rk4_ratio16,rk4,16,2,ortho_small,0.0,0.001,0.003125,diffrax_tsit5,0.01,0.0004661763757929961,6200,stage 3 | joint training,0.0021106948323209728,0.00046617661706804456,0.42911296531348203,0.40696411989412523,3.8276243697871544,0.0,0.00377651359176097,0.06402258309071393,0.0037765135917609887,0.0022181766175399017,0.9351546452491423,0.05055474946041425,1.4958267584756277,0.02990803920647664
carrying_solver_sweep,rk4_ratio16,rk4,16,0,l2_plus_ortho,1e-05,0.001,0.003125,diffrax_tsit5,0.01,0.0007607793429009765,14000,stage 3 | joint training,0.002505125213665393,0.0007607773696544463,0.8549484530591971,0.8608665626023716,5.566973706933183,0.0,0.0011162374337096543,0.019236900125834257,0.0011162374337096487,0.0012059488516287808,0.8828621019829973,0.05007573419210404,1.4987100150774966,0.029972747826084556
carrying_solver_sweep,rk4_ratio16,rk4,16,1,l2_plus_ortho,1e-05,0.001,0.003125,diffrax_tsit5,0.01,0.0018071863333494708,13900,stage 3 | joint training,0.003797662510898452,0.0018071922548816295,0.646055269516575,0.660254505516475,4.875362776101189,0.0,0.002081038746309462,0.029362137864644446,0.0020810387463094508,0.0016466097402005715,0.8933507402412287,0.05013463567591914,1.4980495214945664,0.02996853781853344
carrying_solver_sweep,rk4_ratio16,rk4,16,2,l2_plus_ortho,1e-05,0.001,0.003125,diffrax_tsit5,0.01,0.0004630645533955769,6100,stage 3 | joint training,0.001942266991101988,0.0004630650783608804,0.41751238848496935,0.39743875215061286,3.782564616423897,0.0,0.003515645206538671,0.062048618524597365,0.003515645206538669,0.00214019387618578,0.934975408568597,0.05054314526985999,1.4961912254559981,0.029919945261250087
carrying_solver_sweep,diffrax_tsit5,diffrax_tsit5,adaptive,0,none,0.0,0.0,adaptive,diffrax_tsit5,0.01,0.0016710979073678023,14000,stage 3 | joint training,0.003232751979979489,0.0016710979073678025,0.9622354827505555,0.9682902080557001,5.9041042919316045,0.0,0.0027741750156787715,0.043050518313305544,0.0027741750156787684,0.0019011549952570393,0.8997942066302161,0.04982411883890727,1.498005386586447,0.0299481069228165
carrying_solver_sweep,diffrax_tsit5,diffrax_tsit5,adaptive,1,none,0.0,0.0,adaptive,diffrax_tsit5,0.01,0.0006558978475593142,10000,stage 3 | joint training,0.002407398349488727,0.0006558978475593143,0.9084192872741305,0.9535582799261174,5.859018525089355,0.0,0.0005201230983298835,0.03886582261598883,0.0005201230983298816,0.0008231967883537234,0.9324367372729694,0.04988069181817636,1.4995843169012069,0.030009421036209558
carrying_solver_sweep,diffrax_tsit5,diffrax_tsit5,adaptive,2,none,0.0,0.0,adaptive,diffrax_tsit5,0.01,0.0005848005819414188,13900,stage 3 | joint training,0.001992304103447824,0.0005848005819414185,0.5747647800797985,0.5713171612930869,4.535131509289574,0.0,0.0012992652408261992,0.05896312288793751,0.0012992652408262003,0.0013010665363689508,0.9337932218730279,0.049967901268010456,1.4992533266507508,0.02993466969817954
carrying_solver_sweep,diffrax_tsit5,diffrax_tsit5,adaptive,0,l2_small,1e-05,0.0,adaptive,diffrax_tsit5,0.01,0.002714741100370664,8500,stage 3 | joint training,0.005146151744717332,0.002714741100370665,0.6674801223998362,0.6792856719194821,4.945127317784786,0.0,0.002587466953999035,0.0413110204838642,0.0025874669539990335,0.0018360647924847648,0.9014946401719106,0.04989451992631899,1.497608160367286,0.029925459213348233
carrying_solver_sweep,diffrax_tsit5,diffrax_tsit5,adaptive,1,l2_small,1e-05,0.0,adaptive,diffrax_tsit5,0.01,0.000727595900242186,10600,stage 3 | joint training,0.002516224890098171,0.0007275959002421861,0.9658861524483371,1.0062692867427852,6.01877847430359,0.0,0.0004940787560971556,0.036809421219880144,0.000494078756097156,0.0008023219750304863,0.93182896729551,0.049889514654088786,1.4996386335868206,0.0300079326575489
carrying_solver_sweep,diffrax_tsit5,diffrax_tsit5,adaptive,2,l2_small,1e-05,0.0,adaptive,diffrax_tsit5,0.01,0.0006502038475484268,13000,stage 3 | joint training,0.0019990875745886537,0.0006502038475484265,0.5456214005025894,0.5442186163968086,4.426270460589266,0.0,0.0014868484927754201,0.061832564776856704,0.00148684849277543,0.0013918228282659814,0.9334399689435776,0.04997693720765929,1.498854961716889,0.029928850615249723
carrying_solver_sweep,diffrax_tsit5,diffrax_tsit5,adaptive,0,ortho_small,0.0,0.001,adaptive,diffrax_tsit5,0.01,0.0008451110205983618,13300,stage 3 | joint training,0.00267800564418313,0.0008451110205983617,0.9254943471602479,0.935983933061394,5.8047757570995095,0.0,0.001481781803485838,0.022069361718964696,0.001481781803485834,0.0013894493679654273,0.8835340060062656,0.05010960364619912,1.4986059147669446,0.029969856563315418
carrying_solver_sweep,diffrax_tsit5,diffrax_tsit5,adaptive,1,ortho_small,0.0,0.001,adaptive,diffrax_tsit5,0.01,0.0028756055040781905,7300,stage 3 | joint training,0.005688039855026479,0.0028756055040781896,0.7247516146479936,0.7466974803107062,5.184699537213842,0.0,0.002301013197021744,0.03339000853763927,0.002301013197021738,0.0017314507851922502,0.9015519655360659,0.05022060632336203,1.4972326277139656,0.02992420675017284
carrying_solver_sweep,diffrax_tsit5,diffrax_tsit5,adaptive,2,ortho_small,0.0,0.001,adaptive,diffrax_tsit5,0.01,0.00036023956984786263,11900,stage 3 | joint training,0.0016231999383507214,0.00036023956984786263,0.3471824411632253,0.33515977528918006,3.473579121081091,0.0,0.0017352003854310997,0.04946480753545046,0.001735200385431089,0.0015035761029721637,0.9336612529029231,0.05033194475505273,1.4977018350741604,0.029958989821952373
carrying_solver_sweep,diffrax_tsit5,diffrax_tsit5,adaptive,0,l2_plus_ortho,1e-05,0.001,adaptive,diffrax_tsit5,0.01,0.0006081115906513262,12400,stage 3 | joint training,0.002338608800482878,0.0006081115906513261,0.7762870498781782,0.7915044991123519,5.337992316221958,0.0,0.001168870990492737,0.01971621448120625,0.001168870990492744,0.0012340532128716237,0.8835006126008276,0.05009255531748252,1.4986471969458992,0.02997154955011215
carrying_solver_sweep,diffrax_tsit5,diffrax_tsit5,adaptive,1,l2_plus_ortho,1e-05,0.001,adaptive,diffrax_tsit5,0.01,0.002730002327742726,7800,stage 3 | joint training,0.004957324014547306,0.002730002327742725,0.7682943939811218,0.7803879519011461,5.300374163060685,0.0,0.0024670205026244615,0.034266541903907224,0.0024670205026244576,0.0017928211886427407,0.9007673074382395,0.05021502712967548,1.4973021755885232,0.02993217467453289
carrying_solver_sweep,diffrax_tsit5,diffrax_tsit5,adaptive,2,l2_plus_ortho,1e-05,0.001,adaptive,diffrax_tsit5,0.01,0.00037663662340197736,10600,stage 3 | joint training,0.0017091419661894108,0.00037663662340197736,0.3593186526808527,0.34386458677816345,3.518398090610823,0.0,0.0020145880056840542,0.05167850107078164,0.002014588005684052,0.001620107076155116,0.933775183381055,0.050375805090233414,1.4975206442816376,0.029952417801422243
