experiment_kind,training_method,prediction_method,ratio,predict_ratio,h_model,h_predict,noise_level,best_loss,train_mse,validation_mse,extrapolate_mse,residual_mse,residual_rel_error,model_vf_mse,model_vf_rel_error,instability_rate,final_mse,final_l2_error
prediction_sweep,forward_euler,forward_euler,1,1,0.05,0.05,0.01,0.17286788739864642,0.00467266489820362,0.0030273041963755926,0.36066299927373413,0.20048979725047805,0.39500368009405784,0.20048979725047808,0.02122939728920565,0.0,0.6204419098675815,3.1507254018529296
prediction_sweep,forward_euler,forward_euler,1,2,0.05,0.025,0.01,0.17286788739864642,0.48016997939076744,0.4323789693083026,0.47950282450727905,0.20048979725047805,0.39500368009405784,0.20048979725047808,0.02122939728920565,0.0,0.15187189634647158,1.5588297987732802
prediction_sweep,forward_euler,forward_euler,1,4,0.05,0.0125,0.01,0.17286788739864642,1.0454164088727271,0.9405321048183795,1.209940229934023,0.20048979725047805,0.39500368009405784,0.20048979725047808,0.02122939728920565,0.0,0.2842312672638013,2.132533769069278
prediction_sweep,forward_euler,forward_euler,1,8,0.05,0.00625,0.01,0.17286788739864642,1.4054127518711916,1.2638071422347912,1.6980790762562918,0.20048979725047805,0.39500368009405784,0.20048979725047808,0.02122939728920565,0.0,0.40540269722693,2.54684965312656
prediction_sweep,forward_euler,forward_euler,1,16,0.05,0.003125,0.01,0.17286788739864642,1.6041492855995638,1.4421952269163738,1.9683316670869728,0.20048979725047805,0.39500368009405784,0.20048979725047808,0.02122939728920565,0.0,0.476417518472844,2.760920190002874
prediction_sweep,forward_euler,heun,1,1,0.05,0.05,0.01,0.17286788739864642,1.8189780253864283,1.6380110058348154,2.275243108803563,0.20048979725047805,0.39500368009405784,0.20048979725047808,0.02122939728920565,0.0,0.5612764564232304,2.9967354409042666
prediction_sweep,forward_euler,heun,1,2,0.05,0.025,0.01,0.17286788739864642,1.8161114650522545,1.6331810939806743,2.2597451879753647,0.20048979725047805,0.39500368009405784,0.20048979725047808,0.02122939728920565,0.0,0.5553326337369274,2.9808257479750204
prediction_sweep,forward_euler,heun,1,4,0.05,0.0125,0.01,0.17286788739864642,1.8153846369240658,1.6319509471403488,2.2558151318179043,0.20048979725047805,0.39500368009405784,0.20048979725047808,0.02122939728920565,0.0,0.5538304338058873,2.9767913835024107
prediction_sweep,forward_euler,heun,1,8,0.05,0.00625,0.01,0.17286788739864642,1.8152015425565764,1.6316404000191906,2.254821588215915,0.20048979725047805,0.39500368009405784,0.20048979725047808,0.02122939728920565,0.0,0.5534502037295894,2.975769355926872
prediction_sweep,forward_euler,heun,1,16,0.05,0.003125,0.01,0.17286788739864642,1.8151555882515158,1.6315623754527575,2.254571573145975,0.20048979725047805,0.39500368009405784,0.20048979725047808,0.02122939728920565,0.0,0.5533543945879403,2.975511773360516
prediction_sweep,forward_euler,rk4,1,1,0.05,0.05,0.01,0.17286788739864642,1.8151355721837443,1.631531978351098,2.254479421388733,0.20048979725047805,0.39500368009405784,0.20048979725047808,0.02122939728920565,0.0,0.5533202252224063,2.975419903737706
prediction_sweep,forward_euler,rk4,1,2,0.05,0.025,0.01,0.17286788739864642,1.8151399405157411,1.631536020574834,2.2544873637377183,0.20048979725047805,0.39500368009405784,0.20048979725047808,0.02122939728920565,0.0,0.5533221661834952,2.975425122387711
prediction_sweep,forward_euler,rk4,1,4,0.05,0.0125,0.01,0.17286788739864642,1.8151402164793935,1.6315362751703355,2.254487865665402,0.20048979725047805,0.39500368009405784,0.20048979725047808,0.02122939728920565,0.0,0.5533222897606709,2.975425454648584
prediction_sweep,forward_euler,rk4,1,8,0.05,0.00625,0.01,0.17286788739864642,1.8151402338201825,1.631536291144748,2.2544878972017663,0.20048979725047805,0.39500368009405784,0.20048979725047808,0.02122939728920565,0.0,0.5533222975529002,2.975425475599481
prediction_sweep,forward_euler,rk4,1,16,0.05,0.003125,0.01,0.17286788739864642,1.8151402349068884,1.6315362921450987,2.2544878991778576,0.20048979725047805,0.39500368009405784,0.20048979725047808,0.02122939728920565,0.0,0.5533222980420214,2.9754254769145776
prediction_sweep,forward_euler,forward_euler,2,1,0.025,0.05,0.01,0.1724812849429488,0.47873777359082215,0.4340695610550385,2.3797255983961265,0.04349993460796092,0.1839921547561892,0.04349993460796092,0.009888623190766343,0.0,1.9654069723217287,5.607718926368159
prediction_sweep,forward_euler,forward_euler,2,2,0.025,0.025,0.01,0.1724812849429488,0.0033321530939109654,0.002375468607909259,0.17724088967892754,0.04349993460796092,0.1839921547561892,0.04349993460796092,0.009888623190766343,0.0,0.21787060856602658,1.8670644705141881
prediction_sweep,forward_euler,forward_euler,2,4,0.025,0.0125,0.01,0.1724812849429488,0.1183596451052399,0.10502486522801167,0.10130898455865327,0.04349993460796092,0.1839921547561892,0.04349993460796092,0.009888623190766343,0.0,0.01418788492086655,0.4764516331526892
prediction_sweep,forward_euler,forward_euler,2,8,0.025,0.00625,0.01,0.1724812849429488,0.26050474794754036,0.23241298278981593,0.2552812581471632,0.04349993460796092,0.1839921547561892,0.04349993460796092,0.009888623190766343,0.0,0.017643643686601464,0.5313175124025402
prediction_sweep,forward_euler,forward_euler,2,16,0.025,0.003125,0.01,0.1724812849429488,0.35223584685446024,0.3146421795484658,0.37369466331401213,0.04349993460796092,0.1839921547561892,0.04349993460796092,0.009888623190766343,0.0,0.03997915755546641,0.7997915483971199
prediction_sweep,forward_euler,heun,2,1,0.025,0.05,0.01,0.1724812849429488,0.45908760814877575,0.41196642878810835,0.5341335720668928,0.04349993460796092,0.1839921547561892,0.04349993460796092,0.009888623190766343,0.0,0.08029356649641908,1.1334447776326402
prediction_sweep,forward_euler,heun,2,2,0.025,0.025,0.01,0.1724812849429488,0.4579230800652661,0.40977611214515913,0.5216003031893105,0.04349993460796092,0.1839921547561892,0.04349993460796092,0.009888623190766343,0.0,0.07568937641572554,1.1004680925186376
prediction_sweep,forward_euler,heun,2,4,0.025,0.0125,0.01,0.1724812849429488,0.45763473828326323,0.40922373644270754,0.5185123325412525,0.04349993460796092,0.1839921547561892,0.04349993460796092,0.009888623190766343,0.0,0.07457925661701348,1.092368118297223
prediction_sweep,forward_euler,heun,2,8,0.025,0.00625,0.01,0.1724812849429488,0.457562758916766,0.4090847716423199,0.5177409664192908,0.04349993460796092,0.1839921547561892,0.04349993460796092,0.009888623190766343,0.0,0.0743027754717823,1.0903414178818103
prediction_sweep,forward_euler,heun,2,16,0.025,0.003125,0.01,0.1724812849429488,0.4575447615203889,0.4090499038943406,0.5175478909030129,0.04349993460796092,0.1839921547561892,0.04349993460796092,0.009888623190766343,0.0,0.07423352800261249,1.089833220287306
prediction_sweep,forward_euler,rk4,2,1,0.025,0.05,0.01,0.1724812849429488,0.45753637494775723,0.40903604924032605,0.5174774538816876,0.04349993460796092,0.1839921547561892,0.04349993460796092,0.009888623190766343,0.0,0.07420903609983044,1.089653420862472
prediction_sweep,forward_euler,rk4,2,2,0.025,0.025,0.01,0.1724812849429488,0.45753860941225694,0.40903811633712045,0.5174830791806079,0.04349993460796092,0.1839921547561892,0.04349993460796092,0.009888623190766343,0.0,0.07421030895132888,1.0896627658231066
prediction_sweep,forward_euler,rk4,2,4,0.025,0.0125,0.01,0.1724812849429488,0.4575387507778816,0.4090382466463702,0.5174834326653334,0.04349993460796092,0.1839921547561892,0.04349993460796092,0.009888623190766343,0.0,0.0742103894519611,1.0896633568361274
prediction_sweep,forward_euler,rk4,2,8,0.025,0.00625,0.01,0.1724812849429488,0.45753875966739965,0.40903825482620787,0.5174834548136187,0.04349993460796092,0.1839921547561892,0.04349993460796092,0.009888623190766343,0.0,0.07421039451155345,1.0896633939822222
prediction_sweep,forward_euler,rk4,2,16,0.025,0.003125,0.01,0.1724812849429488,0.45753876022472006,0.4090382553385796,0.5174834561995992,0.04349993460796092,0.1839921547561892,0.04349993460796092,0.009888623190766343,0.0,0.07421039482864959,1.089663396310252
prediction_sweep,forward_euler,forward_euler,4,1,0.0125,0.05,0.01,0.1726332963492576,1.0960005570879272,0.9953759480696754,3.5850429009035016,0.012271732093313274,0.09772550790177782,0.012271732093313273,0.005252238743806724,0.0,2.191358798434456,5.921295531803095
prediction_sweep,forward_euler,forward_euler,4,2,0.0125,0.025,0.01,0.1726332963492576,0.12274719972276558,0.11204388025258649,0.42183240670324906,0.012271732093313274,0.09772550790177782,0.012271732093313273,0.005252238743806724,0.0,0.23042929968694512,1.9201220781479291
prediction_sweep,forward_euler,forward_euler,4,4,0.0125,0.0125,0.01,0.1726332963492576,0.002961555834027471,0.002606562544523938,0.027292425067639594,0.012271732093313274,0.09772550790177782,0.012271732093313273,0.005252238743806724,0.0,0.0063537594528650975,0.31884189066971985
prediction_sweep,forward_euler,forward_euler,4,8,0.0125,0.00625,0.01,0.1726332963492576,0.031584148379626226,0.02757417843688366,0.05225345878161967,0.012271732093313274,0.09772550790177782,0.012271732093313273,0.005252238743806724,0.0,0.0120105514740289,0.43837064635358786
prediction_sweep,forward_euler,forward_euler,4,16,0.0125,0.003125,0.01,0.1726332963492576,0.06756308980264449,0.05951926266567292,0.11272942669156534,0.012271732093313274,0.09772550790177782,0.012271732093313273,0.005252238743806724,0.0,0.03773612011018211,0.7770314805481909
prediction_sweep,forward_euler,heun,4,1,0.0125,0.05,0.01,0.1726332963492576,0.11839143384133552,0.10558433462502616,0.21449180184723982,0.012271732093313274,0.09772550790177782,0.012271732093313273,0.005252238743806724,0.0,0.0854709332089765,1.1694164918212946
prediction_sweep,forward_euler,heun,4,2,0.0125,0.025,0.01,0.1726332963492576,0.11794069346388883,0.10458587730524715,0.20552054066532488,0.012271732093313274,0.09772550790177782,0.012271732093313273,0.005252238743806724,0.0,0.07879418457825031,1.1228120738805782
prediction_sweep,forward_euler,heun,4,4,0.0125,0.0125,0.01,0.1726332963492576,0.117834392254613,0.10433832364374554,0.20334267635579595,0.012271732093313274,0.09772550790177782,0.012271732093313273,0.005252238743806724,0.0,0.0771697308794508,1.1111776158973021
prediction_sweep,forward_euler,heun,4,8,0.0125,0.00625,0.01,0.1726332963492576,0.11780831061902666,0.10427638104765614,0.2028010013588201,0.012271732093313274,0.09772550790177782,0.012271732093313273,0.005252238743806724,0.0,0.07676489586568153,1.10825914562024
prediction_sweep,forward_euler,heun,4,16,0.0125,0.003125,0.01,0.1726332963492576,0.11780183200912817,0.10426086827702874,0.20266560064774267,0.012271732093313274,0.09772550790177782,0.012271732093313273,0.005252238743806724,0.0,0.07666357330179983,1.1075275043215844
prediction_sweep,forward_euler,rk4,4,1,0.0125,0.05,0.01,0.1726332963492576,0.11779845198720768,0.10425455693483196,0.20261626264405203,0.012271732093313274,0.09772550790177782,0.012271732093313273,0.005252238743806724,0.0,0.07662790741832336,1.1072698490852055
prediction_sweep,forward_euler,rk4,4,2,0.0125,0.025,0.01,0.1726332963492576,0.11779960070487608,0.10425561860672786,0.20262017487058132,0.012271732093313274,0.09772550790177782,0.012271732093313273,0.005252238743806724,0.0,0.07662963347584965,1.107282319742167
prediction_sweep,forward_euler,rk4,4,4,0.0125,0.0125,0.01,0.1726332963492576,0.11779967347923362,0.10425568558788394,0.20262042063392305,0.012271732093313274,0.09772550790177782,0.012271732093313273,0.005252238743806724,0.0,0.07662974217271093,1.1072831050654457
prediction_sweep,forward_euler,rk4,4,8,0.0125,0.00625,0.01,0.1726332963492576,0.11779967805865822,0.10425568979417346,0.20262043603047525,0.012271732093313274,0.09772550790177782,0.012271732093313273,0.005252238743806724,0.0,0.07662974899024481,1.1072831543213855
prediction_sweep,forward_euler,rk4,4,16,0.0125,0.003125,0.01,0.1726332963492576,0.11779967834585302,0.1042556900576912,0.20262043699385532,0.012271732093313274,0.09772550790177782,0.012271732093313273,0.005252238743806724,0.0,0.07662974941708076,1.1072831574052284
prediction_sweep,forward_euler,forward_euler,8,1,0.00625,0.05,0.01,0.17267501757452883,1.4789540047476666,1.35015544897735,4.584812877019569,0.003385890551380526,0.05133238716634224,0.0033858905513805253,0.002758849337044428,0.0,2.7157996599351004,6.591873372491436
prediction_sweep,forward_euler,forward_euler,8,2,0.00625,0.025,0.01,0.17267501757452883,0.26688567804982216,0.24588362531106006,0.7274162289149717,0.003385890551380526,0.05133238716634224,0.0033858905513805253,0.002758849337044428,0.0,0.3638558687933436,2.412818663035724
prediction_sweep,forward_euler,forward_euler,8,4,0.00625,0.0125,0.01,0.17267501757452883,0.030960885370902257,0.029579793509916512,0.08744654609827171,0.003385890551380526,0.05133238716634224,0.0033858905513805253,0.002758849337044428,0.0,0.03391272140088566,0.7366162789500178
prediction_sweep,forward_euler,forward_euler,8,8,0.00625,0.00625,0.01,0.17267501757452883,0.002588371625718708,0.0021991793007615007,0.009599307642076747,0.003385890551380526,0.05133238716634224,0.0033858905513805253,0.002758849337044428,0.0,0.002286409942883802,0.19126567670688022
prediction_sweep,forward_euler,forward_euler,8,16,0.00625,0.003125,0.01,0.17267501757452883,0.01036860573326402,0.008263220712221749,0.023080407773796857,0.003385890551380526,0.05133238716634224,0.0033858905513805253,0.002758849337044428,0.0,0.01261018301534743,0.44918028479170685
prediction_sweep,forward_euler,heun,8,1,0.00625,0.05,0.01,0.17267501757452883,0.03283059402725151,0.027943253130285527,0.07436845227848977,0.003385890551380526,0.05133238716634224,0.0033858905513805253,0.002758849337044428,0.0,0.043746089449789576,0.8366226336865583
prediction_sweep,forward_euler,heun,8,2,0.00625,0.025,0.01,0.17267501757452883,0.032662170551275176,0.027472129135955932,0.07005328178036292,0.003385890551380526,0.05133238716634224,0.0033858905513805253,0.002758849337044428,0.0,0.03940925553648514,0.7940705816133489
prediction_sweep,forward_euler,heun,8,4,0.00625,0.0125,0.01,0.17267501757452883,0.03262746504000648,0.027359241565276946,0.06905002654240316,0.003385890551380526,0.05133238716634224,0.0033858905513805253,0.002758849337044428,0.0,0.03837793905600372,0.7836115267759015
prediction_sweep,forward_euler,heun,8,8,0.00625,0.00625,0.01,0.17267501757452883,0.032619378641258474,0.02733129793325162,0.06880304389140539,0.003385890551380526,0.05133238716634224,0.0033858905513805253,0.002758849337044428,0.0,0.03812222804160582,0.7809965740422252
prediction_sweep,forward_euler,heun,8,16,0.00625,0.003125,0.01,0.17267501757452883,0.03261740883980432,0.027324325042614277,0.06874142775633475,0.003385890551380526,0.05133238716634224,0.0033858905513805253,0.002758849337044428,0.0,0.03805827905597331,0.7803412490030069
prediction_sweep,forward_euler,rk4,8,1,0.00625,0.05,0.01,0.17267501757452883,0.03261611537541066,0.027321421820409628,0.06871866493472,0.003385890551380526,0.05133238716634224,0.0033858905513805253,0.002758849337044428,0.0,0.03803573333432532,0.7801100777128859
prediction_sweep,forward_euler,rk4,8,2,0.00625,0.025,0.01,0.17267501757452883,0.03261671896732609,0.0273219644114858,0.06872073890338506,0.003385890551380526,0.05133238716634224,0.0033858905513805253,0.002758849337044428,0.0,0.03803685387696086,0.7801215687515464
prediction_sweep,forward_euler,rk4,8,4,0.00625,0.0125,0.01,0.17267501757452883,0.032616757250893094,0.027321998669623832,0.06872086959011868,0.003385890551380526,0.05133238716634224,0.0033858905513805253,0.002758849337044428,0.0,0.038036924633204273,0.7801222943431807
prediction_sweep,forward_euler,rk4,8,8,0.00625,0.00625,0.01,0.17267501757452883,0.03261675966132862,0.0273220008217811,0.06872087778968371,0.003385890551380526,0.05133238716634224,0.0033858905513805253,0.002758849337044428,0.0,0.03803692907692641,0.7801223399126721
prediction_sweep,forward_euler,rk4,8,16,0.00625,0.003125,0.01,0.17267501757452883,0.032616759812536394,0.027322000956642688,0.06872087830312049,0.003385890551380526,0.05133238716634224,0.0033858905513805253,0.002758849337044428,0.0,0.038036929355304644,0.7801223427673856
prediction_sweep,forward_euler,forward_euler,16,1,0.003125,0.05,0.01,0.173060507162863,1.7035661037989034,1.5549335888410754,5.10333569163991,0.0021096292292115703,0.04051893953894319,0.00210962922921157,0.002177682661094955,0.0,2.8885009199349616,6.798236147631192
prediction_sweep,forward_euler,forward_euler,16,2,0.003125,0.025,0.01,0.173060507162863,0.36398492401554783,0.33470672696677034,0.9022250720940488,0.0021096292292115703,0.04051893953894319,0.00210962922921157,0.002177682661094955,0.0,0.40239063364914296,2.537370713629817
prediction_sweep,forward_euler,forward_euler,16,4,0.003125,0.0125,0.01,0.173060507162863,0.06736624011980431,0.06344654873956956,0.14582422093487596,0.0021096292292115703,0.04051893953894319,0.00210962922921157,0.002177682661094955,0.0,0.04335945151643312,0.8329172973728725
prediction_sweep,forward_euler,forward_euler,16,8,0.003125,0.00625,0.01,0.173060507162863,0.0095140310358629,0.009401207558022824,0.020228107893673568,0.0021096292292115703,0.04051893953894319,0.00210962922921157,0.002177682661094955,0.0,0.0032951049020715404,0.22961201717929455
prediction_sweep,forward_euler,forward_euler,16,16,0.003125,0.003125,0.01,0.173060507162863,0.0027824374207081042,0.002342756222523925,0.012114048397660969,0.0021096292292115703,0.04051893953894319,0.00210962922921157,0.002177682661094955,0.0,0.01060719754325905,0.4119649993532761
prediction_sweep,forward_euler,heun,16,1,0.003125,0.05,0.01,0.173060507162863,0.010726966687502058,0.008710591011952828,0.04086362637641591,0.0021096292292115703,0.04051893953894319,0.00210962922921157,0.002177682661094955,0.0,0.03901474293758791,0.7900859997502846
prediction_sweep,forward_euler,heun,16,2,0.003125,0.025,0.01,0.173060507162863,0.010679352154519145,0.008486907082145674,0.038304712782776876,0.0021096292292115703,0.04051893953894319,0.00210962922921157,0.002177682661094955,0.0,0.03498936830138629,0.7482178110832305
prediction_sweep,forward_euler,heun,16,4,0.003125,0.0125,0.01,0.173060507162863,0.01067519725743782,0.008437208260847179,0.037745239456100074,0.0021096292292115703,0.04051893953894319,0.00210962922921157,0.002177682661094955,0.0,0.03403782126403409,0.7379736717692207
prediction_sweep,forward_euler,heun,16,8,0.003125,0.00625,0.01,0.173060507162863,0.010674775748939916,0.008425217489327322,0.03760967964228791,0.0021096292292115703,0.04051893953894319,0.00210962922921157,0.002177682661094955,0.0,0.03380221425105948,0.7354151399155117
prediction_sweep,forward_euler,heun,16,16,0.003125,0.003125,0.01,0.173060507162863,0.010674724486806748,0.008422251586661428,0.037575971555815144,0.0021096292292115703,0.04051893953894319,0.00210962922921157,0.002177682661094955,0.0,0.03374330644710059,0.734774049047467
prediction_sweep,forward_euler,rk4,16,1,0.003125,0.05,0.01,0.173060507162863,0.010674374469182941,0.008420969413844657,0.03756335021518999,0.0021096292292115703,0.04051893953894319,0.00210962922921157,0.002177682661094955,0.0,0.033722539545747734,0.7345479104401317
prediction_sweep,forward_euler,rk4,16,2,0.003125,0.025,0.01,0.173060507162863,0.010674693658119683,0.008421247888482709,0.03756464662631591,0.0021096292292115703,0.04051893953894319,0.00210962922921157,0.002177682661094955,0.0,0.033723570056688024,0.7345591337033448
prediction_sweep,forward_euler,rk4,16,4,0.003125,0.0125,0.01,0.173060507162863,0.010674713945424989,0.008421265495509471,0.0375647285382303,0.0021096292292115703,0.04051893953894319,0.00210962922921157,0.002177682661094955,0.0,0.03372363516370377,0.7345598427761079
prediction_sweep,forward_euler,rk4,16,8,0.003125,0.00625,0.01,0.173060507162863,0.010674715224089007,0.008421266602388613,0.03756473368433438,0.0021096292292115703,0.04051893953894319,0.00210962922921157,0.002177682661094955,0.0,0.03372363925373008,0.7345598873200749
prediction_sweep,forward_euler,rk4,16,16,0.003125,0.003125,0.01,0.173060507162863,0.01067471530433879,0.008421266671773795,0.037564734006773334,0.0021096292292115703,0.04051893953894319,0.00210962922921157,0.002177682661094955,0.0,0.0337236395099933,0.7345598901110056
prediction_sweep,heun,forward_euler,1,1,0.05,0.05,0.01,0.1725443949875884,1.9284964099987776,1.7769822167256395,6.024363943858871,0.006038285748052671,0.06855069055155044,0.006038285748052664,0.003684243761530848,0.0,3.624306162177861,7.615044228029523
prediction_sweep,heun,forward_euler,1,2,0.05,0.025,0.01,0.1725443949875884,0.47318569696606866,0.4423819792561755,1.2638865401337978,0.006038285748052671,0.06855069055155044,0.006038285748052664,0.003684243761530848,0.0,0.6390126763798759,3.1975307382538194
prediction_sweep,heun,forward_euler,1,4,0.05,0.0125,0.01,0.1725443949875884,0.11781002623007661,0.11381742763524309,0.29380109664916865,0.006038285748052671,0.06855069055155044,0.006038285748052664,0.003684243761530848,0.0,0.12331010860421669,1.4046215638624757
prediction_sweep,heun,forward_euler,1,8,0.05,0.00625,0.01,0.1725443949875884,0.030568460401368038,0.031269901728840276,0.07544176428630847,0.006038285748052671,0.06855069055155044,0.006038285748052664,0.003684243761530848,0.0,0.022563124197924937,0.6008410664783151
prediction_sweep,heun,forward_euler,1,16,0.05,0.003125,0.01,0.1725443949875884,0.009166059131784218,0.010019804526638481,0.024182479587326437,0.006038285748052671,0.06855069055155044,0.006038285748052664,0.003684243761530848,0.0,0.003336092744840699,0.23103567671996283
prediction_sweep,heun,heun,1,1,0.05,0.05,0.01,0.1725443949875884,0.00225530063501577,0.00186156997377783,0.007765566050829358,0.006038285748052671,0.06855069055155044,0.006038285748052664,0.003684243761530848,0.0,0.0037037166135607054,0.24343267204089777
prediction_sweep,heun,heun,1,2,0.05,0.025,0.01,0.1725443949875884,0.0023649717590210413,0.0019230072491568813,0.00824297605131866,0.006038285748052671,0.06855069055155044,0.006038285748052664,0.003684243761530848,0.0,0.002523793153493406,0.20094947239516328
prediction_sweep,heun,heun,1,4,0.05,0.0125,0.01,0.1725443949875884,0.002400646710342474,0.001945995939667862,0.008460759768244452,0.006038285748052671,0.06855069055155044,0.006038285748052664,0.003684243761530848,0.0,0.0023026376351573566,0.191943226404366
prediction_sweep,heun,heun,1,8,0.05,0.00625,0.01,0.1725443949875884,0.002410228784284357,0.001952337583091661,0.008521515202278116,0.006038285748052671,0.06855069055155044,0.006038285748052664,0.003684243761530848,0.0,0.0022517151587957782,0.18980896327816674
prediction_sweep,heun,heun,1,16,0.05,0.003125,0.01,0.1725443949875884,0.0024126830452190933,0.001953973863152371,0.008537118251322962,0.006038285748052671,0.06855069055155044,0.006038285748052664,0.003684243761530848,0.0,0.002239219458867641,0.18928156630237994
prediction_sweep,heun,rk4,1,1,0.05,0.05,0.01,0.1725443949875884,0.0024134734818413877,0.0019545376959103264,0.008542402315547207,0.006038285748052671,0.06855069055155044,0.006038285748052664,0.003684243761530848,0.0,0.002234831540322282,0.18909601964387435
prediction_sweep,heun,rk4,1,2,0.05,0.025,0.01,0.1725443949875884,0.002413507425602999,0.001954527203342868,0.008542362610905224,0.006038285748052671,0.06855069055155044,0.006038285748052664,0.003684243761530848,0.0,0.002235052107518873,0.18910535085052976
prediction_sweep,heun,rk4,1,4,0.05,0.0125,0.01,0.1725443949875884,0.0024135096534194543,0.001954526585768187,0.008542360314755653,0.006038285748052671,0.06855069055155044,0.006038285748052664,0.003684243761530848,0.0,0.0022350660947193742,0.18910594257058658
prediction_sweep,heun,rk4,1,8,0.05,0.00625,0.01,0.1725443949875884,0.002413509796029764,0.001954526548381992,0.008542360177019951,0.006038285748052671,0.06855069055155044,0.006038285748052664,0.003684243761530848,0.0,0.002235066974958049,0.18910597980848937
prediction_sweep,heun,rk4,1,16,0.05,0.003125,0.01,0.1725443949875884,0.002413509805049343,0.0019545265460848755,0.008542360168592661,0.006038285748052671,0.06855069055155044,0.006038285748052664,0.003684243761530848,0.0,0.0022350670301586437,0.18910598214371302
prediction_sweep,heun,forward_euler,2,1,0.025,0.05,0.01,0.17257995907164156,1.9295912811301705,1.7751632256968342,6.0008879861066955,0.005018281559132124,0.06249316433942959,0.005018281559132127,0.003358683173041476,0.0,3.5735714176582567,7.561556895410635
prediction_sweep,heun,forward_euler,2,2,0.025,0.025,0.01,0.17257995907164156,0.4732097756462455,0.44109450325245775,1.2525263762795118,0.005018281559132124,0.06249316433942959,0.005018281559132127,0.003358683173041476,0.0,0.6200478463198666,3.149724677034148
prediction_sweep,heun,forward_euler,2,4,0.025,0.0125,0.01,0.17257995907164156,0.11765543259222007,0.11306714747407694,0.2883282448634234,0.005018281559132124,0.06249316433942959,0.005018281559132127,0.003358683173041476,0.0,0.11562337868686436,1.3601375147351205
prediction_sweep,heun,forward_euler,2,8,0.025,0.00625,0.01,0.17257995907164156,0.030408881415924387,0.030848554141528733,0.07276603623134546,0.005018281559132124,0.06249316433942959,0.005018281559132127,0.003358683173041476,0.0,0.019545337902245937,0.5592185676780904
prediction_sweep,heun,forward_euler,2,16,0.025,0.003125,0.01,0.17257995907164156,0.00902436303045928,0.009777069328785803,0.02286150004812616,0.005018281559132124,0.06249316433942959,0.005018281559132127,0.003358683173041476,0.0,0.0024342893979761586,0.1973540736027978
prediction_sweep,heun,heun,2,1,0.025,0.05,0.01,0.17257995907164156,0.002189324352373019,0.0018476723459457118,0.008008418203642011,0.005018281559132124,0.06249316433942959,0.005018281559132127,0.003358683173041476,0.0,0.0051680427841785835,0.2875564023750077
prediction_sweep,heun,heun,2,2,0.025,0.025,0.01,0.17257995907164156,0.0022657489396924325,0.0018783713223339171,0.008306859170534642,0.005018281559132124,0.06249316433942959,0.005018281559132127,0.003358683173041476,0.0,0.003699548503905723,0.24329565565889494
prediction_sweep,heun,heun,2,4,0.025,0.0125,0.01,0.17257995907164156,0.002292969209956869,0.0018935652034505728,0.008478858387560954,0.005018281559132124,0.06249316433942959,0.005018281559132127,0.003358683173041476,0.0,0.0034048989449681094,0.23340604773546414
prediction_sweep,heun,heun,2,8,0.025,0.00625,0.01,0.17257995907164156,0.002300419837290581,0.0018979448382863845,0.00852805241712145,0.005018281559132124,0.06249316433942959,0.005018281559132127,0.003358683173041476,0.0,0.00333544756483505,0.23101333519379524
prediction_sweep,heun,heun,2,16,0.025,0.003125,0.01,0.17257995907164156,0.002302339016214765,0.0018990889798308622,0.008540751680134481,0.005018281559132124,0.06249316433942959,0.005018281559132127,0.003358683173041476,0.0,0.003318301186340012,0.23041879042612862
prediction_sweep,heun,rk4,2,1,0.025,0.05,0.01,0.17257995907164156,0.002302949134582718,0.00189948291555099,0.008545013328668291,0.005018281559132124,0.06249316433942959,0.005018281559132127,0.003358683173041476,0.0,0.003312278479193717,0.2302095907365709
prediction_sweep,heun,rk4,2,2,0.025,0.025,0.01,0.17257995907164156,0.002302984523780549,0.001899477620075716,0.008545022386165838,0.005018281559132124,0.06249316433942959,0.005018281559132127,0.003358683173041476,0.0,0.0033125750932954724,0.23021989812509158
prediction_sweep,heun,rk4,2,4,0.025,0.0125,0.01,0.17257995907164156,0.002302986835365872,0.001899477325684057,0.008545023152190167,0.005018281559132124,0.06249316433942959,0.005018281559132127,0.003358683173041476,0.0,0.003312593866703632,0.23022055048856543
prediction_sweep,heun,rk4,2,8,0.025,0.00625,0.01,0.17257995907164156,0.002302986983003721,0.0018994773084441154,0.008545023206255742,0.005018281559132124,0.06249316433942959,0.005018281559132127,0.003358683173041476,0.0,0.003312595047050378,0.23022059150476973
prediction_sweep,heun,rk4,2,16,0.025,0.003125,0.01,0.17257995907164156,0.002302986992330414,0.001899477307403971,0.008545023209829581,0.005018281559132124,0.06249316433942959,0.005018281559132127,0.003358683173041476,0.0,0.003312595121038711,0.23022059407581108
prediction_sweep,heun,forward_euler,4,1,0.0125,0.05,0.01,0.1735026077836114,1.9465386466540098,1.7768968746263025,5.690454790196009,0.0015721882546178682,0.03497899095846632,0.0015721882546178654,0.0018799391834931518,0.0,3.099496222480711,7.042154468604858
prediction_sweep,heun,forward_euler,4,2,0.0125,0.025,0.01,0.1735026077836114,0.47737442820542425,0.4385865555225635,1.1135403155197994,0.0015721882546178682,0.03497899095846632,0.0015721882546178654,0.0018799391834931518,0.0,0.45295002806812673,2.6920624898189174
prediction_sweep,heun,forward_euler,4,4,0.0125,0.0125,0.01,0.1735026077836114,0.11906469817660996,0.11134097442479246,0.2287843397617504,0.0015721882546178682,0.03497899095846632,0.0015721882546178654,0.0018799391834931518,0.0,0.05680214873917084,0.9533280546730666
prediction_sweep,heun,forward_euler,4,8,0.0125,0.00625,0.01,0.1735026077836114,0.03124715933630613,0.030127636998978732,0.050310666195045706,0.0015721882546178682,0.03497899095846632,0.0015721882546178654,0.0018799391834931518,0.0,0.005244560593713177,0.289677354136306
prediction_sweep,heun,forward_euler,4,16,0.0125,0.003125,0.01,0.1735026077836114,0.009764582403717866,0.009698176959934138,0.018224540871118817,0.0015721882546178682,0.03497899095846632,0.0015721882546178654,0.0018799391834931518,0.0,0.00822198054778546,0.36270054971638427
prediction_sweep,heun,heun,4,1,0.0125,0.05,0.01,0.1735026077836114,0.0029810568523369278,0.0025290099226994533,0.02217205294948006,0.0015721882546178682,0.03497899095846632,0.0015721882546178654,0.0018799391834931518,0.0,0.03261882777404018,0.7224273280992648
prediction_sweep,heun,heun,4,2,0.0125,0.025,0.01,0.1735026077836114,0.0030349171111136823,0.00253672908413755,0.02137122277082819,0.0015721882546178682,0.03497899095846632,0.0015721882546178654,0.0018799391834931518,0.0,0.028966191767381178,0.6807782812914193
prediction_sweep,heun,heun,4,4,0.0125,0.0125,0.01,0.1735026077836114,0.0030563605469464427,0.002546120513333328,0.02125725484205134,0.0015721882546178682,0.03497899095846632,0.0015721882546178654,0.0018799391834931518,0.0,0.028110936476471237,0.6706526549738991
prediction_sweep,heun,heun,4,8,0.0125,0.00625,0.01,0.1735026077836114,0.0030623508162761987,0.0025490467496956343,0.021233696768772445,0.0015721882546178682,0.03497899095846632,0.0015721882546178654,0.0018799391834931518,0.0,0.027899692554450087,0.6681280422727378
prediction_sweep,heun,heun,4,16,0.0125,0.003125,0.01,0.1735026077836114,0.0030639029184338913,0.0025498274610437667,0.02122805927765133,0.0015721882546178682,0.03497899095846632,0.0015721882546178654,0.0018799391834931518,0.0,0.027846905338901193,0.6674956819503922
prediction_sweep,heun,rk4,4,1,0.0125,0.05,0.01,0.1735026077836114,0.003064389172433943,0.0025500766657911666,0.02122567870767233,0.0015721882546178682,0.03497899095846632,0.0015721882546178654,0.0018799391834931518,0.0,0.02782830669449457,0.667272738175263
prediction_sweep,heun,rk4,4,2,0.0125,0.025,0.01,0.1735026077836114,0.003064425618933103,0.0025500934847595825,0.0212261584802446,0.0015721882546178682,0.03497899095846632,0.0015721882546178654,0.0018799391834931518,0.0,0.02782922190561918,0.6672837106433117
prediction_sweep,heun,rk4,4,4,0.0125,0.0125,0.01,0.1735026077836114,0.0030644279977096625,0.002550094581849587,0.021226189085802347,0.0015721882546178682,0.03497899095846632,0.0015721882546178654,0.0018799391834931518,0.0,0.02782927974499409,0.6672844040736345
prediction_sweep,heun,rk4,4,8,0.0125,0.00625,0.01,0.1735026077836114,0.0030644281495766502,0.0025500946518722534,0.021226191017488964,0.0015721882546178682,0.03497899095846632,0.0015721882546178654,0.0018799391834931518,0.0,0.02782928337897375,0.6672844476410191
prediction_sweep,heun,rk4,4,16,0.0125,0.003125,0.01,0.1735026077836114,0.0030644281591683427,0.002550094656294569,0.021226191138804897,0.0015721882546178682,0.03497899095846632,0.0015721882546178654,0.0018799391834931518,0.0,0.027829283606686444,0.6672844503710414
prediction_sweep,heun,forward_euler,8,1,0.00625,0.05,0.01,0.17296003628470705,1.931739586063326,1.7705170487730044,5.807799913477337,0.0016536139417367075,0.03587336084618577,0.0016536139417367005,0.0019280069221668176,0.0,3.305960977057697,7.272920708554656
prediction_sweep,heun,forward_euler,8,2,0.00625,0.025,0.01,0.17296003628470705,0.47248241812476954,0.4373908572420563,1.1677109621744302,0.0016536139417367075,0.03587336084618577,0.0016536139417367005,0.0019280069221668176,0.0,0.5249495496975212,2.8981360898274495
prediction_sweep,heun,forward_euler,8,4,0.00625,0.0125,0.01,0.17296003628470705,0.11700471292805578,0.11101915679165474,0.2511372710245478,0.0016536139417367075,0.03587336084618577,0.0016536139417367005,0.0019280069221668176,0.0,0.08033014218696924,1.133702904199997
prediction_sweep,heun,forward_euler,8,8,0.00625,0.00625,0.01,0.17296003628470705,0.030123823354343857,0.02987064107067709,0.057417203083414366,0.0016536139417367075,0.03587336084618577,0.0016536139417367005,0.0019280069221668176,0.0,0.00866653386201711,0.3723768813880284
prediction_sweep,heun,forward_euler,8,16,0.00625,0.003125,0.01,0.17296003628470705,0.008996959458567383,0.00938795035114842,0.017926495880640745,0.0016536139417367075,0.03587336084618577,0.0016536139417367005,0.0019280069221668176,0.0,0.0025354152063791512,0.2014116265315049
prediction_sweep,heun,heun,8,1,0.00625,0.05,0.01,0.17296003628470705,0.00248556959699785,0.002103048362390131,0.013889050860477738,0.0016536139417367075,0.03587336084618577,0.0016536139417367005,0.0019280069221668176,0.0,0.017011870397924126,0.5217182442341709
prediction_sweep,heun,heun,8,2,0.00625,0.025,0.01,0.17296003628470705,0.002547925722185595,0.0021169660241289697,0.01363887024080641,0.0016536139417367075,0.03587336084618577,0.0016536139417367005,0.0019280069221668176,0.0,0.014407239326040308,0.48012064027350976
prediction_sweep,heun,heun,8,4,0.00625,0.0125,0.01,0.17296003628470705,0.002571545535293832,0.0021279035613306413,0.013666995747814464,0.0016536139417367075,0.03587336084618577,0.0016536139417367005,0.0019280069221668176,0.0,0.013820290840032605,0.4702389322892371
prediction_sweep,heun,heun,8,8,0.00625,0.00625,0.01,0.17296003628470705,0.0025780865269164626,0.0021312139710927035,0.013679454967362096,0.0016536139417367075,0.03587336084618577,0.0016536139417367005,0.0019280069221668176,0.0,0.013676839962810253,0.46779208993415444
prediction_sweep,heun,heun,8,16,0.00625,0.003125,0.01,0.17296003628470705,0.0025797771549255885,0.0021320903166071126,0.013682879573678149,0.0016536139417367075,0.03587336084618577,0.0016536139417367005,0.0019280069221668176,0.0,0.01364108551845993,0.4671802310622303
prediction_sweep,heun,rk4,8,1,0.00625,0.05,0.01,0.17296003628470705,0.002580303162184438,0.0021323764024820126,0.01368376551147296,0.0016536139417367075,0.03587336084618577,0.0016536139417367005,0.0019280069221668176,0.0,0.013628492244602304,0.46696453389271103
prediction_sweep,heun,rk4,8,2,0.00625,0.025,0.01,0.17296003628470705,0.002580345778941434,0.0021323884499881815,0.013684024920659942,0.0016536139417367075,0.03587336084618577,0.0016536139417367005,0.0019280069221668176,0.0,0.013629114922266388,0.46697520143607435
prediction_sweep,heun,rk4,8,4,0.00625,0.0125,0.01,0.17296003628470705,0.002580348546801369,0.002132389246241566,0.01368404160410419,0.0016536139417367075,0.03587336084618577,0.0016536139417367005,0.0019280069221668176,0.0,0.013629154307106432,0.46697587615818326
prediction_sweep,heun,rk4,8,8,0.00625,0.00625,0.01,0.17296003628470705,0.0025803487230984345,0.0021323892973803145,0.013684042661183608,0.0016536139417367075,0.03587336084618577,0.0016536139417367005,0.0019280069221668176,0.0,0.013629156782610051,0.46697591856728626
prediction_sweep,heun,rk4,8,16,0.00625,0.003125,0.01,0.17296003628470705,0.0025803487342203188,0.0021323893006201886,0.013684042727694083,0.0016536139417367075,0.03587336084618577,0.0016536139417367005,0.0019280069221668176,0.0,0.013629156937748584,0.4669759212250427
prediction_sweep,heun,forward_euler,16,1,0.003125,0.05,0.01,0.17269698233884145,1.9318905088401426,1.7742574048975617,5.928104323635997,0.0031592072539841348,0.04958428583337708,0.0031592072539841387,0.002664897965020578,0.0,3.467263410189917,7.448235667796681
prediction_sweep,heun,forward_euler,16,2,0.003125,0.025,0.01,0.17269698233884145,0.4736287292550585,0.44011409829993353,1.219989114032644,0.0031592072539841348,0.04958428583337708,0.0031592072539841387,0.002664897965020578,0.0,0.5816404929626011,3.0506143458984813
prediction_sweep,heun,forward_euler,16,4,0.003125,0.0125,0.01,0.17269698233884145,0.11772137962556312,0.11249088346191406,0.2737833861227773,0.0031592072539841348,0.04958428583337708,0.0031592072539841387,0.002664897965020578,0.0,0.10083175310502583,1.2701606393210323
prediction_sweep,heun,forward_euler,16,8,0.003125,0.00625,0.01,0.17269698233884145,0.03042519999410919,0.0305642171519766,0.06651913875442898,0.0031592072539841348,0.04958428583337708,0.0031592072539841387,0.002664897965020578,0.0,0.01442020863415123,0.4803366924839489
prediction_sweep,heun,forward_euler,16,16,0.003125,0.003125,0.01,0.17269698233884145,0.009044872046711356,0.009658585859635416,0.020580288955288833,0.0031592072539841348,0.04958428583337708,0.0031592072539841387,0.002664897965020578,0.0,0.0016637840425306571,0.16315803590534705
prediction_sweep,heun,heun,16,1,0.003125,0.05,0.01,0.17269698233884145,0.002248014555173433,0.0019218338657009176,0.00979538286496243,0.0031592072539841348,0.04958428583337708,0.0031592072539841387,0.002664897965020578,0.0,0.009029606836191386,0.38009697365154355
prediction_sweep,heun,heun,16,2,0.003125,0.025,0.01,0.17269698233884145,0.002312720009665476,0.0019416922132934212,0.009927312165654692,0.0031592072539841348,0.04958428583337708,0.0031592072539841387,0.002664897965020578,0.0,0.007133329785377138,0.33783616823252394
prediction_sweep,heun,heun,16,4,0.003125,0.0125,0.01,0.17269698233884145,0.002336944346944625,0.0019541365004281546,0.010054836755297008,0.0031592072539841348,0.04958428583337708,0.0031592072539841387,0.002664897965020578,0.0,0.006728308470965632,0.32810506782957516
prediction_sweep,heun,heun,16,8,0.003125,0.00625,0.01,0.17269698233884145,0.0023436378641438346,0.001957824664978927,0.010092584835370781,0.0031592072539841348,0.04958428583337708,0.0031592072539841387,0.002664897965020578,0.0,0.006630882628057008,0.32572092663645685
prediction_sweep,heun,heun,16,16,0.003125,0.003125,0.01,0.17269698233884145,0.00234536675377294,0.001958795481374346,0.01010238357999127,0.0031592072539841348,0.04958428583337708,0.0031592072539841387,0.002664897965020578,0.0,0.006606698113197912,0.3251263905178517
prediction_sweep,heun,rk4,16,1,0.003125,0.05,0.01,0.17269698233884145,0.0023459118484793124,0.001959125375310465,0.010105581825507295,0.0031592072539841348,0.04958428583337708,0.0031592072539841387,0.002664897965020578,0.0,0.00659818826056863,0.3249169311825687
prediction_sweep,heun,rk4,16,2,0.003125,0.025,0.01,0.17269698233884145,0.002345948553407458,0.001959125877204952,0.010105674506426044,0.0031592072539841348,0.04958428583337708,0.0031592072539841387,0.002664897965020578,0.0,0.006598609419772595,0.3249273006633353
prediction_sweep,heun,rk4,16,4,0.003125,0.0125,0.01,0.17269698233884145,0.0023459509453073474,0.001959125945891201,0.010105680614181529,0.0031592072539841348,0.04958428583337708,0.0031592072539841387,0.002664897965020578,0.0,0.006598636074799677,0.32492795693321747
prediction_sweep,heun,rk4,16,8,0.003125,0.00625,0.01,0.17269698233884145,0.0023459510979041386,0.0019591259513674054,0.010105681005602468,0.0031592072539841348,0.04958428583337708,0.0031592072539841387,0.002664897965020578,0.0,0.006598637750665704,0.32492799819444806
prediction_sweep,heun,rk4,16,16,0.003125,0.003125,0.01,0.17269698233884145,0.0023459511075384306,0.001959125951748586,0.010105681030366688,0.0031592072539841348,0.04958428583337708,0.0031592072539841387,0.002664897965020578,0.0,0.006598637855713467,0.3249280007808122
prediction_sweep,rk4,forward_euler,1,1,0.05,0.05,0.01,0.1739891992124631,1.9336400806101448,1.7632632666437806,5.5571620831478326,0.001954163928005407,0.03899738622138962,0.001954163928005406,0.0020959070688590493,0.0,2.9212696793561883,6.836688882031931
prediction_sweep,rk4,forward_euler,1,2,0.05,0.025,0.01,0.1739891992124631,0.4690586517960458,0.43038974139420233,1.0567130712472477,0.001954163928005407,0.03899738622138962,0.001954163928005406,0.0020959070688590493,0.0,0.3933539980952066,2.508717594613492
prediction_sweep,rk4,forward_euler,1,4,0.05,0.0125,0.01,0.1739891992124631,0.11478963565537113,0.1071652217943916,0.20666104662349138,0.001954163928005407,0.03899738622138962,0.001954163928005406,0.0020959070688590493,0.0,0.03938124763966902,0.7937883611106328
prediction_sweep,rk4,forward_euler,1,8,0.05,0.00625,0.01,0.1739891992124631,0.02936861400063978,0.02823199288407773,0.04425893322519295,0.001954163928005407,0.03899738622138962,0.001954163928005406,0.0020959070688590493,0.0,0.005196968015904642,0.28835999766693415
prediction_sweep,rk4,forward_euler,1,16,0.05,0.003125,0.01,0.1739891992124631,0.009170026124304618,0.009002867666982757,0.01986605490729752,0.001954163928005407,0.03899738622138962,0.001954163928005406,0.0020959070688590493,0.0,0.01601855705020799,0.5062577533266309
prediction_sweep,rk4,heun,1,1,0.05,0.05,0.01,0.1739891992124631,0.0037659754845706774,0.003135659362347856,0.032385362409218424,0.001954163928005407,0.03899738622138962,0.001954163928005406,0.0020959070688590493,0.0,0.049240394666418136,0.8876070722243543
prediction_sweep,rk4,heun,1,2,0.05,0.025,0.01,0.1739891992124631,0.003788682103120317,0.0030954775919268982,0.030753058497149318,0.001954163928005407,0.03899738622138962,0.001954163928005406,0.0020959070688590493,0.0,0.04446109081679436,0.8434319492814522
prediction_sweep,rk4,heun,1,4,0.05,0.0125,0.01,0.1739891992124631,0.0038022901700477244,0.0030926988282443803,0.03042920533658059,0.001954163928005407,0.03899738622138962,0.001954163928005406,0.0020959070688590493,0.0,0.04331960817751418,0.8325345223113735
prediction_sweep,rk4,heun,1,8,0.05,0.00625,0.01,0.1739891992124631,0.0038063170116203154,0.003092560248445174,0.0303529857166039,0.001954163928005407,0.03899738622138962,0.001954163928005406,0.0020959070688590493,0.0,0.04303629275718763,0.8298076187376218
prediction_sweep,rk4,heun,1,16,0.05,0.003125,0.01,0.1739891992124631,0.0038073777549377094,0.0030925720945571313,0.030334163110120757,0.001954163928005407,0.03899738622138962,0.001954163928005406,0.0020959070688590493,0.0,0.042965427263102235,0.8291241379972216
prediction_sweep,rk4,rk4,1,1,0.05,0.05,0.01,0.1739891992124631,0.0038076539821678573,0.003092520697119584,0.03032702214415302,0.001954163928005407,0.03899738622138962,0.001954163928005406,0.0020959070688590493,0.0,0.04294047252743884,0.8288833213661748
prediction_sweep,rk4,rk4,1,2,0.05,0.025,0.01,0.1739891992124631,0.003807733684697389,0.0030925785930309667,0.030327841298031056,0.001954163928005407,0.03899738622138962,0.001954163928005406,0.0020959070688590493,0.0,0.04294168662194176,0.8288950391642287
prediction_sweep,rk4,rk4,1,4,0.05,0.0125,0.01,0.1739891992124631,0.0038077387777533003,0.0030925822605218888,0.030327893127911766,0.001954163928005407,0.03899738622138962,0.001954163928005406,0.0020959070688590493,0.0,0.04294176324033703,0.8288957786389026
prediction_sweep,rk4,rk4,1,8,0.05,0.00625,0.01,0.1739891992124631,0.0038077390996075627,0.003092582491300923,0.03032789638636946,0.001954163928005407,0.03899738622138962,0.001954163928005406,0.0020959070688590493,0.0,0.04294176805084252,0.8288958250669868
prediction_sweep,rk4,rk4,1,16,0.05,0.003125,0.01,0.1739891992124631,0.0038077391198343778,0.0030925825057729526,0.030327896590616018,0.001954163928005407,0.03899738622138962,0.001954163928005406,0.0020959070688590493,0.0,0.04294176835217227,0.8288958279752385
prediction_sweep,rk4,forward_euler,2,1,0.025,0.05,0.01,0.17301665009577147,1.9438376319276536,1.7804464559526296,5.806199830619278,0.001415394449748271,0.03318896794046553,0.001415394449748265,0.0017837347385195918,0.0,3.2772651888027613,7.24128738698059
prediction_sweep,rk4,forward_euler,2,2,0.025,0.025,0.01,0.17301665009577147,0.47754644810764674,0.4415841785434027,1.1648001441024454,0.001415394449748271,0.03318896794046553,0.001415394449748265,0.0017837347385195918,0.0,0.5134972120513988,2.866348791201514
prediction_sweep,rk4,forward_euler,2,4,0.025,0.0125,0.01,0.17301665009577147,0.11933368392596713,0.1129928867720627,0.24981605997779466,0.001415394449748271,0.03318896794046553,0.001415394449748265,0.0017837347385195918,0.0,0.07620947925605849,1.104242576654666
prediction_sweep,rk4,forward_euler,2,8,0.025,0.00625,0.01,0.17301665009577147,0.0312688367818417,0.03088375173905564,0.05717320831351591,0.001415394449748271,0.03318896794046553,0.001415394449748265,0.0017837347385195918,0.0,0.007778381416335112,0.352780530445434
prediction_sweep,rk4,forward_euler,2,16,0.025,0.003125,0.01,0.17301665009577147,0.009594124102695917,0.009956318030532391,0.018267517997662273,0.001415394449748271,0.03318896794046553,0.001415394449748265,0.0017837347385195918,0.0,0.003152242259228734,0.22457933152376186
prediction_sweep,rk4,heun,2,1,0.025,0.05,0.01,0.17301665009577147,0.002586206194452461,0.002269647325334642,0.015120348009886857,0.001415394449748271,0.03318896794046553,0.001415394449748265,0.0017837347385195918,0.0,0.019341291498893937,0.5562918873957295
prediction_sweep,rk4,heun,2,2,0.025,0.025,0.01,0.17301665009577147,0.002631747433802384,0.0022687532749413935,0.014658340174824338,0.001415394449748271,0.03318896794046553,0.001415394449748265,0.0017837347385195918,0.0,0.016526497488292886,0.5142217029771169
prediction_sweep,rk4,heun,2,4,0.025,0.0125,0.01,0.17301665009577147,0.0026510293129254443,0.002275859313186349,0.01463385887546135,0.001415394449748271,0.03318896794046553,0.001415394449748265,0.0017837347385195918,0.0,0.015886191209828777,0.5041617392833976
prediction_sweep,rk4,heun,2,8,0.025,0.00625,0.01,0.17301665009577147,0.0026564697530696017,0.002278197055681292,0.014633220219763252,0.001415394449748271,0.03318896794046553,0.001415394449748265,0.0017837347385195918,0.0,0.01572929769627949,0.5016659876257028
prediction_sweep,rk4,heun,2,16,0.025,0.003125,0.01,0.17301665009577147,0.002657883269598574,0.0022788284581363614,0.01463337775327144,0.001415394449748271,0.03318896794046553,0.001415394449748265,0.0017837347385195918,0.0,0.015690169719459836,0.501041630517223
prediction_sweep,rk4,rk4,2,1,0.025,0.05,0.01,0.17301665009577147,0.002658300608168526,0.002279012615991995,0.014633099943067327,0.001415394449748271,0.03318896794046553,0.001415394449748265,0.0017837347385195918,0.0,0.015676390650101558,0.5008215754154617
prediction_sweep,rk4,rk4,2,2,0.025,0.025,0.01,0.17301665009577147,0.002658358186111161,0.002279043393971768,0.014633430841163773,0.001415394449748271,0.03318896794046553,0.001415394449748265,0.0017837347385195918,0.0,0.015677068466067864,0.5008324025630588
prediction_sweep,rk4,rk4,2,4,0.025,0.0125,0.01,0.17301665009577147,0.0026583618588053317,0.002279045333492425,0.014633451944946899,0.001415394449748271,0.03318896794046553,0.001415394449748265,0.0017837347385195918,0.0,0.015677111320765963,0.5008330870981423
prediction_sweep,rk4,rk4,2,8,0.025,0.00625,0.01,0.17301665009577147,0.0026583620907058114,0.0022790454552291174,0.014633453276805599,0.001415394449748271,0.03318896794046553,0.001415394449748265,0.0017837347385195918,0.0,0.01567711401382577,0.5008331301154231
prediction_sweep,rk4,rk4,2,16,0.025,0.003125,0.01,0.17301665009577147,0.0026583621052726843,0.0022790454628544912,0.01463345336044523,0.001415394449748271,0.03318896794046553,0.001415394449748265,0.0017837347385195918,0.0,0.015677114182592055,0.5008331328111918
prediction_sweep,rk4,forward_euler,4,1,0.0125,0.05,0.01,0.1737402395271372,1.9518486195918734,1.7797088027985277,5.6520132431541015,0.0018419647952507136,0.037861312591639676,0.001841964795250716,0.0020348490087670323,0.0,3.02277563688802,6.954452544248779
prediction_sweep,rk4,forward_euler,4,2,0.0125,0.025,0.01,0.1737402395271372,0.4790063292972569,0.43921151174100675,1.095412170038739,0.0018419647952507136,0.037861312591639676,0.001841964795250716,0.0020348490087670323,0.0,0.4266260867917803,2.612664806030135
prediction_sweep,rk4,forward_euler,4,4,0.0125,0.0125,0.01,0.1737402395271372,0.1197381067448516,0.1115564329041903,0.2217007125368632,0.0018419647952507136,0.037861312591639676,0.001841964795250716,0.0020348490087670323,0.0,0.04888426583088623,0.8843914593064429
prediction_sweep,rk4,forward_euler,4,8,0.0125,0.00625,0.01,0.1737402395271372,0.03164018949364998,0.030286975193559385,0.048630545041544904,0.0018419647952507136,0.037861312591639676,0.001841964795250716,0.0020348490087670323,0.0,0.005009829532410259,0.2831205971287927
prediction_sweep,rk4,forward_euler,4,16,0.0125,0.003125,0.01,0.1737402395271372,0.010064124632063246,0.009863750432729353,0.019190565901893507,0.0018419647952507136,0.037861312591639676,0.001841964795250716,0.0020348490087670323,0.0,0.011479631505582722,0.4285721690559521
prediction_sweep,rk4,heun,4,1,0.0125,0.05,0.01,0.1737402395271372,0.003224281786718654,0.00272903442171666,0.026031476104158745,0.0018419647952507136,0.037861312591639676,0.001841964795250716,0.0020348490087670323,0.0,0.039766981612823014,0.7976664126094117
prediction_sweep,rk4,heun,4,2,0.0125,0.025,0.01,0.1737402395271372,0.0032727103709401283,0.002731903705578995,0.025013463459713364,0.0018419647952507136,0.037861312591639676,0.001841964795250716,0.0020348490087670323,0.0,0.03565298298184199,0.755279900241938
prediction_sweep,rk4,heun,4,4,0.0125,0.0125,0.01,0.1737402395271372,0.0032927922259678305,0.002740091036755694,0.024843747950570084,0.0018419647952507136,0.037861312591639676,0.001841964795250716,0.0020348490087670323,0.0,0.03468013358408148,0.7449041128529923
prediction_sweep,rk4,heun,4,8,0.0125,0.00625,0.01,0.1737402395271372,0.003298440973729318,0.0027427173893035425,0.024806094689325396,0.0018419647952507136,0.037861312591639676,0.001841964795250716,0.0020348490087670323,0.0,0.03443923861469446,0.7423124799133525
prediction_sweep,rk4,heun,4,16,0.0125,0.003125,0.01,0.1737402395271372,0.0032999075067449016,0.0027434232745776545,0.02479691513920288,0.0018419647952507136,0.037861312591639676,0.001841964795250716,0.0020348490087670323,0.0,0.034379009102514506,0.741663094430505
prediction_sweep,rk4,rk4,4,1,0.0125,0.05,0.01,0.1737402395271372,0.003300370239892163,0.002743651156156925,0.024793256019088033,0.0018419647952507136,0.037861312591639676,0.001841964795250716,0.0020348490087670323,0.0,0.03435779103088035,0.7414341889163769
prediction_sweep,rk4,rk4,4,2,0.0125,0.025,0.01,0.1737402395271372,0.0033004019570657206,0.002743664604656309,0.024793824386175313,0.0018419647952507136,0.037861312591639676,0.001841964795250716,0.0020348490087670323,0.0,0.03435883111255083,0.7414454112076041
prediction_sweep,rk4,rk4,4,4,0.0125,0.0125,0.01,0.1737402395271372,0.003300404041399861,0.002743665494680335,0.024793860568222522,0.0018419647952507136,0.037861312591639676,0.001841964795250716,0.0020348490087670323,0.0,0.03435889680939919,0.7414461200588934
prediction_sweep,rk4,rk4,4,8,0.0125,0.00625,0.01,0.1737402395271372,0.0033004041748972593,0.0027436655518719316,0.02479386284960758,0.0018419647952507136,0.037861312591639676,0.001841964795250716,0.0020348490087670323,0.0,0.034358900936010975,0.7414461645838998
prediction_sweep,rk4,rk4,4,16,0.0125,0.003125,0.01,0.1737402395271372,0.0033004041833418984,0.002743665555495265,0.024793862992813855,0.0018419647952507136,0.037861312591639676,0.001841964795250716,0.0020348490087670323,0.0,0.03435890119455606,0.7414461673735302
prediction_sweep,rk4,forward_euler,8,1,0.00625,0.05,0.01,0.17257277038410573,1.9291623325592173,1.7743376952008125,6.014964876074617,0.005539847925329818,0.0656604606103421,0.005539847925329818,0.003528908905753155,0.0,3.5899916682031296,7.578909333885059
prediction_sweep,rk4,forward_euler,8,2,0.00625,0.025,0.01,0.17257277038410573,0.47341925209056246,0.441012661604483,1.2592645157679845,0.005539847925329818,0.0656604606103421,0.005539847925329818,0.003528908905753155,0.0,0.6267724889857913,3.166758567332322
prediction_sweep,rk4,forward_euler,8,4,0.00625,0.0125,0.01,0.17257277038410573,0.11783720419504996,0.11309167435128913,0.2913330400405851,0.005539847925329818,0.0656604606103421,0.005539847925329818,0.003528908905753155,0.0,0.11837093244211741,1.3762030806076109
prediction_sweep,rk4,forward_euler,8,8,0.00625,0.00625,0.01,0.17257277038410573,0.03050340236167249,0.030870151272743535,0.0739849967680533,0.005539847925329818,0.0656604606103421,0.005539847925329818,0.003528908905753155,0.0,0.020566354802905813,0.5736389777956977
prediction_sweep,rk4,forward_euler,8,16,0.00625,0.003125,0.01,0.17257277038410573,0.009058690949465433,0.009784510132709366,0.023215181576240623,0.005539847925329818,0.0656604606103421,0.005539847925329818,0.003528908905753155,0.0,0.002657400972750865,0.20619994074687278
prediction_sweep,rk4,heun,8,1,0.00625,0.05,0.01,0.17257277038410573,0.002147540379568322,0.001821821498843855,0.007355699783701025,0.005539847925329818,0.0656604606103421,0.005539847925329818,0.003528908905753155,0.0,0.004541131921411548,0.2695516847333453
prediction_sweep,rk4,heun,8,2,0.00625,0.025,0.01,0.17257277038410573,0.0022280792180273366,0.0018607978215689801,0.007775770515053736,0.005539847925329818,0.0656604606103421,0.005539847925329818,0.003528908905753155,0.0,0.00314318340661194,0.22425640348893286
prediction_sweep,rk4,heun,8,4,0.00625,0.0125,0.01,0.17257277038410573,0.002256384945491234,0.0018781659454852947,0.007977851591962203,0.005539847925329818,0.0656604606103421,0.005539847925329818,0.003528908905753155,0.0,0.002866736657572721,0.2141676598395835
prediction_sweep,rk4,heun,8,8,0.00625,0.00625,0.01,0.17257277038410573,0.0022641128104400397,0.0018831008759678063,0.008034518759425504,0.005539847925329818,0.0656604606103421,0.005539847925329818,0.003528908905753155,0.0,0.002801905315976566,0.2117321068133623
prediction_sweep,rk4,heun,8,16,0.00625,0.003125,0.01,0.17257277038410573,0.002266101959327788,0.0018843852262914206,0.008049079949703351,0.005539847925329818,0.0656604606103421,0.005539847925329818,0.003528908905753155,0.0,0.0027859224801713048,0.21112735417927467
prediction_sweep,rk4,rk4,8,1,0.00625,0.05,0.01,0.17257277038410573,0.002266761568393768,0.0018848529622374692,0.008054026855029177,0.005539847925329818,0.0656604606103421,0.005539847925329818,0.003528908905753155,0.0,0.0027803117129766336,0.21091464483915323
prediction_sweep,rk4,rk4,8,2,0.00625,0.025,0.01,0.17257277038410573,0.002266772521247322,0.001884822515144327,0.008053974134121752,0.005539847925329818,0.0656604606103421,0.005539847925329818,0.003528908905753155,0.0,0.0027805872702210445,0.21092509647630056
prediction_sweep,rk4,rk4,8,4,0.00625,0.0125,0.01,0.17257277038410573,0.0022667733206438202,0.001884820667032019,0.008053971062086909,0.005539847925329818,0.0656604606103421,0.005539847925329818,0.003528908905753155,0.0,0.00278060470722764,0.2109257578287731
prediction_sweep,rk4,rk4,8,8,0.00625,0.00625,0.01,0.17257277038410573,0.0022667733742393207,0.0018848205532497472,0.00805397087700087,0.005539847925329818,0.0656604606103421,0.005539847925329818,0.003528908905753155,0.0,0.002780605803436719,0.2109257994058278
prediction_sweep,rk4,rk4,8,16,0.00625,0.003125,0.01,0.17257277038410573,0.002266773377703913,0.0018848205461945763,0.008053970865647618,0.005539847925329818,0.0656604606103421,0.005539847925329818,0.003528908905753155,0.0,0.0027806058721438504,0.2109258020117539
prediction_sweep,rk4,forward_euler,16,1,0.003125,0.05,0.01,0.17272828335172966,1.931247085183232,1.7730597748257573,5.909859472503524,0.00285271506389424,0.047117712857483736,0.002852715063894234,0.0025323324718697525,0.0,3.4430593403034067,7.42219303473404
prediction_sweep,rk4,forward_euler,16,2,0.003125,0.025,0.01,0.17272828335172966,0.4731230610211589,0.43936169171363365,1.2118356873604894,0.00285271506389424,0.047117712857483736,0.002852715063894234,0.0025323324718697525,0.0,0.5729782893220787,3.027813176065072
prediction_sweep,rk4,forward_euler,16,4,0.003125,0.0125,0.01,0.17272828335172966,0.11744021491344625,0.11208866438449487,0.27014940234146884,0.00285271506389424,0.047117712857483736,0.002852715063894234,0.0025323324718697525,0.0,0.09760441084942106,1.2496681853959222
prediction_sweep,rk4,forward_euler,16,8,0.003125,0.00625,0.01,0.17272828335172966,0.030289992425897895,0.030363496337102724,0.06497077866594049,0.00285271506389424,0.047117712857483736,0.002852715063894234,0.0025323324718697525,0.0,0.013412397884304745,0.463247629404486
prediction_sweep,rk4,forward_euler,16,16,0.003125,0.003125,0.01,0.17272828335172966,0.008990357529160666,0.009564511573480951,0.020028893577181277,0.00285271506389424,0.047117712857483736,0.002852715063894234,0.0025323324718697525,0.0,0.0016533313059088734,0.1626447075515892
prediction_sweep,rk4,heun,16,1,0.003125,0.05,0.01,0.17272828335172966,0.002281119703634649,0.0019414763971881625,0.010294644080639678,0.00285271506389424,0.047117712857483736,0.002852715063894234,0.0025323324718697525,0.0,0.01007939978393954,0.40158485596824073
prediction_sweep,rk4,heun,16,2,0.003125,0.025,0.01,0.17272828335172966,0.002344288455123951,0.0019587955728045214,0.010363696176327045,0.00285271506389424,0.047117712857483736,0.002852715063894234,0.0025323324718697525,0.0,0.008084056656600428,0.3596455289665184
prediction_sweep,rk4,heun,16,4,0.003125,0.0125,0.01,0.17272828335172966,0.002368117782679916,0.001970589340943945,0.01047492136390808,0.00285271506389424,0.047117712857483736,0.002852715063894234,0.0025323324718697525,0.0,0.007653511733529031,0.34993740545483915
prediction_sweep,rk4,heun,16,8,0.003125,0.00625,0.01,0.17272828335172966,0.002374711451270159,0.001974113297899427,0.010508529222105855,0.00285271506389424,0.047117712857483736,0.002852715063894234,0.0025323324718697525,0.0,0.007549619848264753,0.3475541937198227
prediction_sweep,rk4,heun,16,16,0.003125,0.003125,0.01,0.17272828335172966,0.0023764152574241378,0.001975042889289394,0.010517285210950168,0.00285271506389424,0.047117712857483736,0.002852715063894234,0.0025323324718697525,0.0,0.007523808832013396,0.3469595672585126
prediction_sweep,rk4,rk4,16,1,0.003125,0.05,0.01,0.17272828335172966,0.0023769489178070606,0.0019753548612442217,0.010520105079996421,0.00285271506389424,0.047117712857483736,0.002852715063894234,0.0025323324718697525,0.0,0.007514724297293952,0.3467500378611418
prediction_sweep,rk4,rk4,16,2,0.003125,0.025,0.01,0.17272828335172966,0.002376988482807291,0.001975359253101999,0.010520225275690165,0.00285271506389424,0.047117712857483736,0.002852715063894234,0.0025323324718697525,0.0,0.00751517419769039,0.3467604175263466
prediction_sweep,rk4,rk4,16,4,0.003125,0.0125,0.01,0.17272828335172966,0.00237699105426226,0.001975359565357329,0.010520233125440872,0.00285271506389424,0.047117712857483736,0.002852715063894234,0.0025323324718697525,0.0,0.007515202670921396,0.3467610744226381
prediction_sweep,rk4,rk4,16,8,0.003125,0.00625,0.01,0.17272828335172966,0.002376991218106266,0.0019753595860724183,0.010520233626408863,0.00285271506389424,0.047117712857483736,0.002852715063894234,0.0025323324718697525,0.0,0.007515204461081265,0.34676111572276996
prediction_sweep,rk4,rk4,16,16,0.003125,0.003125,0.01,0.17272828335172966,0.002376991228445131,0.001975359587404625,0.010520233658043342,0.00285271506389424,0.047117712857483736,0.002852715063894234,0.0025323324718697525,0.0,0.007515204573292467,0.3467611183115539
