experiment_kind,evaluation_schema_version,training_protocol_version,chunk_size,stage_scale,evaluation_status,evaluation_error_type,evaluation_error,solver_failed,training_config,training_method,train_interval,ratio,seed,regularization_profile,l2_weight,ortho_weight,h_model,num_observed,obs_dt,T_final,evaluation_method,noise_level,coverage_radius,coverage_fraction_high,coverage_fraction_low,coverage_eval_horizon,n_covered_ics,n_partial_ics,n_uncovered_ics,best_loss,best_epoch,best_stage,train_mse,validation_mse,same_ic_extrapolate_mse,same_ic_extrap_mse_h2p5,same_ic_extrap_mse_h5,same_ic_extrap_mse_h10,candidate_ic_extrap_mse_h2p5,candidate_ic_extrap_mse_h5,candidate_ic_extrap_mse_h10,extrapolate_mse,covered_ic_rollout_mse,covered_ic_extrapolate_mse,partial_ic_rollout_mse,partial_ic_extrapolate_mse,uncovered_ic_rollout_mse,uncovered_ic_extrapolate_mse,final_mse,final_l2_error,instability_rate,residual_mse,residual_rel_error,model_vf_mse,model_vf_rel_error,model_vf_mse_seen,model_vf_rel_error_seen,model_vf_mse_unseen,model_vf_rel_error_unseen,model_vf_mse_training_states,model_vf_rel_error_training_states,vf_grid_n_seen,vf_grid_n_unseen,learned_f_physics_a,learned_f_physics_b,learned_f_physics_r,learned_f_physics_z,parameter_importance_protocol_version,parameter_rel_error,parameter_componentwise_rel_rmse,oracle_evaluation_status,oracle_evaluation_error_type,oracle_evaluation_error,oracle_model_vf_rel_error,oracle_same_ic_extrap_mse_h2p5,oracle_candidate_ic_extrap_mse_h2p5,oracle_gain_same_ic_h2p5,oracle_gain_candidate_ic_h2p5,oracle_same_ic_extrap_mse_h5,oracle_candidate_ic_extrap_mse_h5,oracle_gain_same_ic_h5,oracle_gain_candidate_ic_h5,oracle_same_ic_extrap_mse_h10,oracle_candidate_ic_extrap_mse_h10,oracle_gain_same_ic_h10,oracle_gain_candidate_ic_h10
carrying_parameter_importance_sweep,3,2,100,1.0,ok,,,False,rk4_ratio2_T1.25,rk4,1.25,2,0,none,0.0,0.0,0.025,26,0.05,20.0,diffrax_tsit5,0.0,2.5,0.8,0.2,10.0,0,17,3,2.8913436869617814e-07,13000,stage 3 | joint training,6.420925875748956e-07,2.89165015576059e-07,3.5137673109388956,0.003426574664520292,0.24706122311148546,0.31103013399528423,0.0008762061556571258,0.6077681016379748,0.5325173176472777,3.5137673109388956,nan,nan,8.22057553791602,8.790535291107247,0.0006101905341387388,0.0006521250315540242,5.137371771904417,13.599462628668789,0.0,7.94070545458105e-06,0.003511113342407721,7.940705454580631e-06,0.00010171386105072935,1.1779828142807746e-06,5.119963365869485e-05,1.5446584428979377e-05,0.00011740281033648102,4.074343483927489e-05,0.00038132907371434774,303,273,0.9234543129690818,0.04993898922646629,1.5001453196243697,0.030001393739448136,1,0.042437805193130604,0.03827774377117959,ok,,,0.05723241290832211,39.91579120744074,30.31874664493921,8.58450893961349e-05,2.8899814557583397e-05,206.58292034150875,284.0830867173284,0.0011959421558329195,0.002139402625692817,207.7058385188465,246.91589461812802,0.001497454940184847,0.0021566749215187193
carrying_parameter_importance_sweep,3,2,100,1.0,ok,,,False,rk4_ratio2_T1.25,rk4,1.25,2,1,none,0.0,0.0,0.025,26,0.05,20.0,diffrax_tsit5,0.0,2.5,0.8,0.2,10.0,0,17,3,7.193064296053492e-06,3000,stage 2 | open residual slowly,4.4808772892012965e-05,7.1927390015846e-06,6.107445146490776,0.022769414709991345,0.884111561800164,0.8383152596374964,0.008141226222825546,2.187806524125057,1.6019580361286743,6.107445146490776,nan,nan,9.950303476476524,10.640188015982167,0.0024100435773090696,0.0025661718294664663,9.391264373811783,18.38710193198548,0.0,8.737944629077554e-05,0.011506955678744856,8.737944629077521e-05,0.00033740789551506907,4.3251120426068765e-05,0.00031023876113101087,0.00013635703873402083,0.00034881973052843494,0.0010624146571651374,0.0019472339183078606,303,273,0.9268901576579675,0.050069308059221766,1.4999847900801895,0.0299985079725434,1,0.040532866737157565,0.0365614997860089,ok,,,0.05741489045697172,37.95019501091901,28.5938269970999,0.0005999814942568685,0.0002847197132321944,204.5421914134584,284.0599450511439,0.00432239214653289,0.0077019184233494895,198.90984533336558,240.34340523543108,0.004214548848663105,0.006665288088763874
carrying_parameter_importance_sweep,3,2,100,1.0,ok,,,False,rk4_ratio2_T1.25,rk4,1.25,2,2,none,0.0,0.0,0.025,26,0.05,20.0,diffrax_tsit5,0.0,2.5,0.8,0.2,10.0,0,17,3,8.796376483387526e-06,5300,stage 3 | joint training,2.0667403259555333e-05,8.796309772968658e-06,4.3399851993002345,0.020733286130670707,1.0672219259257798,0.8580264684138699,0.006876310207847611,2.9584427207137836,2.004755829024207,4.3399851993002345,nan,nan,6.4941878800798465,6.944449136277303,0.0018057191853733466,0.0019264325387034693,6.375377815780773,15.14970631293253,0.0,3.299669558270707e-05,0.005011996595198438,3.2996695582708295e-05,0.0002073413022940902,2.3738169284366343e-05,0.00022983755212948063,4.327264235339551e-05,0.00019650290237758388,0.0006598771699347947,0.0015346263488053276,303,273,0.9091436742118348,0.05001474869654702,1.5004487235873494,0.030001374532997147,1,0.05037229536566569,0.045428654323993026,ok,,,0.06990895476547085,58.14933053803293,44.2415527340447,0.0003565524476177695,0.00015542651156897586,291.7755118919135,403.44782161354806,0.0036576816162732745,0.0073329004699586395,293.19351657832857,349.4562663988804,0.0029264851365996677,0.005736786035297216
carrying_parameter_importance_sweep,3,2,100,1.0,ok,,,False,rk4_ratio2_T1.25,rk4,1.25,2,0,l2_small,1e-05,0.0,0.025,26,0.05,20.0,diffrax_tsit5,0.0,2.5,0.8,0.2,10.0,0,17,3,1.82854021597074e-06,7500,stage 3 | joint training,4.361186914829742e-06,1.8285446670857624e-06,3.1397966181780976,0.008734759453721416,0.5150963597367411,0.4564156206802775,0.002636987503781891,1.4395538146517048,1.0058291727938038,3.1397966181780976,nan,nan,5.5930609955223245,5.980845963849235,0.0025400026947428765,0.0027141988691363832,4.567437360459326,12.822938234918537,0.0,5.151963115067254e-05,0.010174384662397385,5.151963115067278e-05,0.00025908183803300587,7.201284907372614e-06,0.00012659086662324243,0.00010070812533279714,0.00029977438285031123,0.00015875535422208304,0.0007527231789242294,303,273,0.9267082698959939,0.04988768062896259,1.5000173571208588,0.029998697437144284,1,0.04063373694274986,0.03666308080739441,ok,,,0.053470746755812475,36.529928086367455,27.53555720043046,0.00023911241853719628,9.576662947429195e-05,195.81677617592788,271.71211692419547,0.0026305016852793033,0.005298084719031202,194.81868359282262,233.74579206746927,0.0023427713002834917,0.004303089967512541
carrying_parameter_importance_sweep,3,2,100,1.0,ok,,,False,rk4_ratio2_T1.25,rk4,1.25,2,1,l2_small,1e-05,0.0,0.025,26,0.05,20.0,diffrax_tsit5,0.0,2.5,0.8,0.2,10.0,0,17,3,3.5044808919757725e-06,7000,stage 3 | joint training,9.33531453616931e-06,3.504429481130711e-06,2.630051008433756,0.01236676280314419,0.6936717505556068,0.5391605703882324,0.0039587267002925185,1.9931510225116704,1.3292753897131726,2.630051008433756,nan,nan,4.230582311522539,4.523901616870191,0.0028250886252383775,0.0030177569606917387,3.731749169767371,11.59064148835712,0.0,4.010338311486365e-05,0.007881215056885459,4.010338311486332e-05,0.00022858151272946484,1.1578968744809397e-05,0.0001605211702058774,7.17623485145935e-05,0.0002530524714722008,0.0002807004931254247,0.0010009046036387444,303,273,0.9246915696185448,0.04998212980471584,1.5000964166797064,0.03000222383747504,1,0.04175180284507364,0.037654671193095915,ok,,,0.05719274540314488,39.35902485823318,29.7623142450277,0.0003142039938155881,0.0001330113870749738,209.66859460666848,291.27258584319475,0.0033084198988260942,0.006842906333741504,208.59361889993465,250.58118659278654,0.002584741437593414,0.005304769315636376
carrying_parameter_importance_sweep,3,2,100,1.0,ok,,,False,rk4_ratio2_T1.25,rk4,1.25,2,2,l2_small,1e-05,0.0,0.025,26,0.05,20.0,diffrax_tsit5,0.0,2.5,0.8,0.2,10.0,0,17,3,1.3080312922866774e-05,3000,stage 2 | open residual slowly,7.057834669532792e-05,1.308017298792934e-05,4.235433752357948,0.05293348515031168,1.8168092401038909,1.2949806337566465,0.01987279319110223,4.779117353649481,3.107468082784391,4.235433752357948,nan,nan,6.3005791945804575,6.737410907164792,0.00718201521590617,0.007671662833262712,6.267711944117675,15.021239296018031,0.0,9.11638155043186e-05,0.00929506911289077,9.116381550431899e-05,0.00034463695437234656,8.01632328706103e-05,0.0004223621461167471,0.00010337325337250116,0.0003037150786531483,0.0028391275861160688,0.003183197270472747,303,273,0.9139094104043695,0.04998344232077907,1.4996311105565017,0.02997825723038237,1,0.04772994783255945,0.043047314187232996,ok,,,0.06554083496700622,53.2775379536547,40.08763577932507,0.0009935422540800721,0.0004957337294845159,275.72954760199076,381.660517803894,0.0065890988321875696,0.012521906591619439,274.4598971629069,328.12786036217466,0.004718287251226362,0.009470296363601919
carrying_parameter_importance_sweep,3,2,100,1.0,ok,,,False,rk4_ratio2_T1.25,rk4,1.25,2,0,ortho_small,0.0,0.001,0.025,26,0.05,20.0,diffrax_tsit5,0.0,2.5,0.8,0.2,10.0,0,17,3,5.254818200299824e-06,5500,stage 2 | open residual slowly,2.391083687510059e-05,5.25464594935069e-06,14.764903573943366,0.020102974387095452,0.6966511871861943,1.1169471330958178,0.007445715964832202,1.5725849407922228,1.579440310241746,14.764903573943366,nan,nan,27.329487920835504,29.224330110065225,0.011612717815492682,0.012408800058082047,25.082056668408118,30.049193667429623,0.0,0.0010428093825931726,0.05776270145360185,0.0010428093825931813,0.0011656094558696295,0.000100927452658005,0.0004739167213566355,0.0020881948213124428,0.0013650475156359173,0.00042219326392110623,0.0012275148335245374,303,273,0.9246177082697357,0.049542674159412145,1.5000333698301127,0.030008980840770447,1,0.041793490408746144,0.037967877174040585,ok,,,0.04689430242001877,36.726093253486496,27.251888544331837,0.0005473757921470855,0.00027321834788512575,198.76726263212265,277.0169656372513,0.003504858787915941,0.0056768542575529055,193.3128313681438,233.09191560492891,0.005777925475462643,0.006776040713993518
carrying_parameter_importance_sweep,3,2,100,1.0,ok,,,False,rk4_ratio2_T1.25,rk4,1.25,2,1,ortho_small,0.0,0.001,0.025,26,0.05,20.0,diffrax_tsit5,0.0,2.5,0.8,0.2,10.0,0,17,3,0.018045775806302664,2100,stage 2 | open residual slowly,0.02739783518129794,0.018045775865047756,62.09868296233133,1.223412988875752,32.148753573878594,23.886132240143663,1.11767338875498,73.10287843016667,54.30423338659642,62.09868296233133,nan,nan,182.8483438649722,195.5235196890099,3.219935680421181,3.4386535169280337,43.03363116509818,39.3600142523289,0.0,0.08005128156151961,0.617854214793013,0.08005128156151965,0.01021256283028533,0.054691003426500163,0.01103202715178811,0.10819840344764016,0.009825907873776941,0.17757932310409227,0.02517487350747322,303,273,0.9410976984634255,0.0496632868204087,1.5231460551531306,0.03040951317790889,1,0.035088091690480855,0.031381812140992546,ok,,,0.04106477656760798,23.17442978048239,17.620017856373092,0.05279150341408025,0.06343202361458779,189.61060655705145,302.1060822221495,0.16955145156505402,0.24197751297311268,172.97039074163388,242.60524100461282,0.13809376354952146,0.22383784110238442
carrying_parameter_importance_sweep,3,2,100,1.0,ok,,,False,rk4_ratio2_T1.25,rk4,1.25,2,2,ortho_small,0.0,0.001,0.025,26,0.05,20.0,diffrax_tsit5,0.0,2.5,0.8,0.2,10.0,0,17,3,2.8510016885011217e-06,4900,stage 2 | open residual slowly,1.4773241435754392e-05,2.8509207270446327e-06,9.236252420415552,0.011518693318928115,0.39107340923285994,0.7056801708645076,0.004385759857556788,0.8168259012971449,0.9326514224016835,9.236252420415552,nan,nan,18.70876824875838,20.005908239235573,0.0010856307893881273,0.0011585285037999176,14.701192603885307,23.005280562076855,0.0,0.00022327412516718746,0.026433896867217806,0.00022327412516718963,0.0005393488972481944,6.388151722099884e-05,0.0003770378822760562,0.0004001824043162586,0.0005975733985624642,0.0003899177679056029,0.0011796620596663122,303,273,0.9255443248099197,0.04959118997056775,1.4999464007970666,0.030004369937125592,1,0.04127962418044259,0.03745170329592193,ok,,,0.04766688484584469,35.84545551350329,26.726070305999897,0.0003213431982915827,0.00016410043853592793,190.82355504168007,263.68563125358037,0.002049397985209105,0.003097726248540328,188.36282139477927,225.22945060755103,0.0037463877724867355,0.004140894629391825
carrying_parameter_importance_sweep,3,2,100,1.0,ok,,,False,rk4_ratio2_T1.25,rk4,1.25,2,0,l2_plus_ortho,1e-05,0.001,0.025,26,0.05,20.0,diffrax_tsit5,0.0,2.5,0.8,0.2,10.0,0,17,3,5.512197403439236e-06,5500,stage 2 | open residual slowly,2.611819020284591e-05,5.511996170777919e-06,14.914495404820272,0.021022683011898084,0.716697463893319,1.1364498502848999,0.007829319015090356,1.6188370494210234,1.6117948636310175,14.914495404820272,nan,nan,27.421366835738073,29.322579182703798,0.012536802323047573,0.013396080703252659,25.38063785985586,30.227519960374035,0.0,0.0010918383752120766,0.059084960491921135,0.0010918383752120833,0.0011926960314209984,0.00010561705306850712,0.0004848019958580131,0.0021864356668219874,0.0013967883797030402,0.0004463616095795168,0.0012621603021076152,303,273,0.9247266948037034,0.049547314523309266,1.5000351278144908,0.030009576395416446,1,0.041733053208012495,0.03790825298324125,ok,,,0.04689026812858869,36.66693411092776,27.197986843573005,0.0005733417184075984,0.000287863916550874,198.68048504626177,276.9507608157144,0.0036072866629374093,0.005845216112254,193.04729717079144,232.86644811931933,0.005886898531811415,0.006921541839317002
carrying_parameter_importance_sweep,3,2,100,1.0,ok,,,False,rk4_ratio2_T1.25,rk4,1.25,2,1,l2_plus_ortho,1e-05,0.001,0.025,26,0.05,20.0,diffrax_tsit5,0.0,2.5,0.8,0.2,10.0,0,17,3,4.186482886265813e-06,4600,stage 3 | joint training,2.9884990777846587e-05,4.1863202023031915e-06,9.603227432039192,0.013932628635741538,0.43571326918032166,0.7465703937233199,0.0053431565040851815,0.9069517475967539,0.9996426588222752,9.603227432039192,nan,nan,19.19299103719752,20.523703129089547,0.0033029529846856504,0.0035236532379499916,15.336395943970786,23.497026492365965,0.0,0.0004702244491064237,0.038513852490701425,0.0004702244491064222,0.0007827141769602056,0.00010737268305540419,0.000488814723830518,0.0008729500356026071,0.0008825858395352359,0.0004682828950992716,0.0012927818503530393,303,273,0.9255208913592238,0.049585735053291134,1.4999441707224366,0.0300087310938498,1,0.04129263355842171,0.03746955394001224,ok,,,0.04736179187364744,35.907775046790746,26.73820919814355,0.0003880114715430239,0.00019983224996444267,191.69553455875734,265.011823212304,0.0022729442821046372,0.0034223067356137574,188.97210428405114,226.0694540210721,0.0039506910109923825,0.004421838691790238
carrying_parameter_importance_sweep,3,2,100,1.0,ok,,,False,rk4_ratio2_T1.25,rk4,1.25,2,2,l2_plus_ortho,1e-05,0.001,0.025,26,0.05,20.0,diffrax_tsit5,0.0,2.5,0.8,0.2,10.0,0,17,3,2.668025484741904e-06,5800,stage 2 | open residual slowly,1.3719042892814533e-05,2.667982581948303e-06,8.786383533291875,0.010753263021461401,0.36692277764882913,0.6699662378524848,0.004103127828185603,0.7691075639049187,0.8839315947326201,8.786383533291875,nan,nan,17.856094748002224,19.094116155934035,0.001174229854107318,0.0012533263865975623,13.906549906326921,22.374892103153687,0.0,0.00025714613081916353,0.028878555779703604,0.0002571461308191603,0.0005788160883371868,6.816515460577733e-05,0.00038947410529023633,0.00046689424727577216,0.0006454632541354159,0.0003329549192575391,0.0010900936677545087,303,273,0.9248779751734176,0.04954506129802489,1.49995360967476,0.03000494171530288,1,0.04164919403233482,0.03783561283192626,ok,,,0.04716750782505943,36.19993266373626,26.969181478481286,0.0002970520172329856,0.0001521413555490862,192.40173257661738,265.8198306351069,0.001907065870639771,0.0028933415617161994,190.6357934401665,227.61495283230522,0.0035143779967152853,0.0038834513450610193
carrying_parameter_importance_sweep,3,2,100,1.0,ok,,,False,rk4_ratio2_T2.5,rk4,2.5,2,0,none,0.0,0.0,0.025,51,0.05,20.0,diffrax_tsit5,0.0,2.5,0.8,0.2,10.0,4,16,0,5.7096655909473684e-05,12200,stage 3 | joint training,7.675155959399141e-05,5.709618294658144e-05,0.4886791155985938,0.1524775843671422,0.7284193052844163,0.4075091817993178,0.016705089872518,2.6338768627957188,1.4322918030515517,0.4886791155985938,0.001174511858855744,0.0012535170768619795,1.6187363534898802,1.8545908713249903,nan,nan,0.35449432825980337,3.5723655772265137,0.0,0.0003150906099002009,0.009797458326860948,0.00031509060990020333,0.0006407200688715403,0.00013088102440279886,0.0005431683298886498,0.0005486161474205351,0.0006823851157390915,0.001898297868793069,0.0023291551664364894,322,254,0.8929047114658646,0.05051559220854342,1.5020598999146446,0.029972736586136067,1,0.05938640005188833,0.05380159546773816,ok,,,0.09404703273775092,340.7212842909332,301.84413821272983,0.00044751411607425447,5.5343429796025215e-05,403.53925712077773,569.4821727897537,0.0018050766869167365,0.0046250383043476085,524.3669834907732,629.6114986828676,0.0007771450046043707,0.002274881901057827
carrying_parameter_importance_sweep,3,2,100,1.0,ok,,,False,rk4_ratio2_T2.5,rk4,2.5,2,1,none,0.0,0.0,0.025,51,0.05,20.0,diffrax_tsit5,0.0,2.5,0.8,0.2,10.0,4,16,0,5.412459859415736e-05,14000,stage 3 | joint training,6.107243755418379e-05,5.4123322321340466e-05,1.4101568568416942,0.039552242592140956,0.18232896374513158,0.30635747046907086,0.010277940852614801,0.5239715118680596,0.5816095648054412,1.4101568568416942,0.0008928837708908868,0.0009669721916134968,3.7100286651118872,4.250621529592202,nan,nan,1.7959471735756527,8.040777216707568,0.0,0.00018192101440629103,0.009980001408184882,0.00018192101440629005,0.0004868464767578446,5.1548631561244886e-05,0.00034088246958042173,0.0003471962399027646,0.0005428536458647874,0.001422644719897947,0.002016343269590941,322,254,0.906890649405015,0.0502610658446518,1.5017103975327,0.029983779905522912,1,0.051629693068724454,0.04663208618126757,ok,,,0.07723221875092066,255.4645580928858,221.421672469889,0.00015482477447129782,4.6417953301352855e-05,310.1513529320024,440.48593586987573,0.0005878709282467802,0.0011895306278810345,404.50312015615395,477.16053654432517,0.000757367385326482,0.0012188970383375621
carrying_parameter_importance_sweep,3,2,100,1.0,ok,,,False,rk4_ratio2_T2.5,rk4,2.5,2,2,none,0.0,0.0,0.025,51,0.05,20.0,diffrax_tsit5,0.0,2.5,0.8,0.2,10.0,4,16,0,2.016872206320919e-05,12500,stage 3 | joint training,2.6722847280232495e-05,2.0168227795588413e-05,1.5503290973598574,0.04671280912159937,0.21814118394305443,0.3343010424613707,0.00925367862996242,0.6679918909433064,0.6511176970468102,1.5503290973598574,0.0009025111985417555,0.00099565407739904,3.836467080201279,4.395489855172944,nan,nan,2.015516512381723,8.518133272363261,0.0,5.153819228100211e-05,0.004731152181346267,5.153819228100229e-05,0.0002591285039214015,3.9526641612373536e-05,0.0002984977453787678,6.676543367981514e-05,0.00023805159162146856,0.0006977905009330493,0.0014121432950278188,322,254,0.8941178013599871,0.05010355611101823,1.499887400878866,0.02999874367756223,1,0.05870223990682113,0.05295124390584837,ok,,,0.08351833446109966,319.40887904386915,282.8308674332967,0.00014624768497804803,3.2718064735790514e-05,378.7687992355919,533.9762988934497,0.000575921734797832,0.0012509766675554209,496.3277011277395,588.0168982480595,0.0006735490316212095,0.001107311199706594
carrying_parameter_importance_sweep,3,2,100,1.0,ok,,,False,rk4_ratio2_T2.5,rk4,2.5,2,0,l2_small,1e-05,0.0,0.025,51,0.05,20.0,diffrax_tsit5,0.0,2.5,0.8,0.2,10.0,4,16,0,6.167948562650445e-05,14000,stage 3 | joint training,6.901600174296595e-05,6.167834399271914e-05,0.5368990620294585,0.1492402000830303,0.7077117550134692,0.4003062133143545,0.01603169159899331,2.5754145157483617,1.390297623610042,0.5368990620294585,0.00130780368055826,0.00140120524031595,1.5730859977683698,1.8022902082939136,nan,nan,0.44096692650566327,3.984320438193178,0.0,0.0002532030075138067,0.00908856757721756,0.0002532030075138061,0.0005743611109388943,0.00011396873363477736,0.0005068610961509953,0.00042971259880926786,0.0006039267909274467,0.001845349052919861,0.0022964421256131897,322,254,0.894024348796838,0.050459215670080555,1.5016791169666912,0.029975159292764186,1,0.058761917295713666,0.05319099774701268,ok,,,0.09186125265277408,332.96173195329555,294.11903685457384,0.00044822027807076557,5.45074938720137e-05,395.5927273502022,559.0703259562525,0.001788990813238482,0.0046066020609183325,514.5395943007086,617.4737820421758,0.0007779891338749058,0.0022515897258210665
carrying_parameter_importance_sweep,3,2,100,1.0,ok,,,False,rk4_ratio2_T2.5,rk4,2.5,2,1,l2_small,1e-05,0.0,0.025,51,0.05,20.0,diffrax_tsit5,0.0,2.5,0.8,0.2,10.0,4,16,0,4.4489132755629176e-05,13900,stage 3 | joint training,5.40334601222922e-05,4.4488221033322835e-05,1.6085370685205775,0.03368045114945553,0.15260588700898417,0.3308054606576424,0.010070362345206557,0.41897009287829,0.6352530038063827,1.6085370685205775,0.0008206753969055194,0.000893205342511229,4.661427770894787,5.340654735241512,nan,nan,2.058263058479309,8.607988737519069,0.0,0.00016068314461064337,0.00987003853603522,0.00016068314461064497,0.0004575470484211944,4.682288792123259e-05,0.0003248816598614764,0.00030502567474446706,0.000508819152907505,0.0012264876908708285,0.0018721810228046,322,254,0.9097644136657544,0.050249863964486656,1.5018642105074025,0.02998325799750909,1,0.05003840362684157,0.04519206193878523,ok,,,0.07479599791162664,240.44669593578658,207.5260196578115,0.00014007450182825575,4.852578178780412e-05,293.4270334906996,417.3009529133795,0.0005200812113101385,0.0010039998470007232,382.3260491813948,450.0830169981624,0.0008652443676436252,0.001411412961198167
carrying_parameter_importance_sweep,3,2,100,1.0,ok,,,False,rk4_ratio2_T2.5,rk4,2.5,2,2,l2_small,1e-05,0.0,0.025,51,0.05,20.0,diffrax_tsit5,0.0,2.5,0.8,0.2,10.0,4,16,0,2.088362481057049e-05,12500,stage 3 | joint training,2.776176228520988e-05,2.088312521009422e-05,1.6004796333321845,0.048224630703031617,0.22415598026090464,0.34450754192272526,0.00965709076139774,0.6843412527520797,0.6678161070618067,1.6004796333321845,0.000977708392243176,0.0010802473329949666,3.9350178544983505,4.50840065536411,nan,nan,2.0837955998435165,8.661214787451389,0.0,4.829991180765187e-05,0.004732649828091029,4.829991180765149e-05,0.00025085557996210316,3.9380704372533416e-05,0.00029794619054520895,5.960693855610824e-05,0.00022492807205583162,0.0007269250258755013,0.0014413221208326066,322,254,0.8961958675166565,0.050095373979724904,1.4998830386242699,0.029999094861341967,1,0.057550138234149596,0.05191084518020213,ok,,,0.08174696791759199,308.05848871644395,271.67573261729643,0.00015654374889639995,3.554638711511798e-05,366.95454477966473,518.2514948323316,0.0006108548959258616,0.0013204810011662029,480.8637259797018,569.4059099738199,0.0007164348718981286,0.0011728296025106419
carrying_parameter_importance_sweep,3,2,100,1.0,ok,,,False,rk4_ratio2_T2.5,rk4,2.5,2,0,ortho_small,0.0,0.001,0.025,51,0.05,20.0,diffrax_tsit5,0.0,2.5,0.8,0.2,10.0,4,16,0,7.629523958838017e-06,14000,stage 3 | joint training,9.32220118804194e-06,7.629102800119738e-06,0.42145229201506296,0.04341490399398904,0.2139189211064043,0.1524172366473462,0.004224574340610492,0.8167060984786462,0.45285668914266736,0.42145229201506296,0.0006746511422052527,0.0007491061246401552,0.9335572752992786,1.0695866893660833,nan,nan,0.4996454497995796,4.241136191256403,0.0,3.103569850899674e-05,0.004695344738694773,3.103569850899726e-05,0.00020108577954192658,1.6193421885037148e-05,0.00019105808149283077,4.985149800866323e-05,0.0002057000318453589,0.00021180116314908424,0.0007780014603140581,322,254,0.9002893720919212,0.04978080076306479,1.4999050809981747,0.030001359993276248,1,0.05528075505219135,0.049903493613565914,ok,,,0.07141505462280388,276.67625569625403,239.76322513631504,0.00015691590116663807,1.7619776086214366e-05,334.15568517462503,474.71741680939607,0.0006401774101033554,0.0017204047493512553,444.74257476802745,527.6786297440276,0.0003427088956501295,0.0008582054751058298
carrying_parameter_importance_sweep,3,2,100,1.0,ok,,,False,rk4_ratio2_T2.5,rk4,2.5,2,1,ortho_small,0.0,0.001,0.025,51,0.05,20.0,diffrax_tsit5,0.0,2.5,0.8,0.2,10.0,4,16,0,2.4139205895646778e-05,13200,stage 3 | joint training,7.650131947962986e-05,2.4138931226162427e-05,13.939771865730558,0.20684049658250714,0.8137698932644367,2.375557333608071,0.053776039279714784,2.007030552245834,3.9263250212156913,13.939771865730558,0.0047744981178959095,0.005310625876495479,28.578820461049066,32.74315286984296,nan,nan,21.98821364203888,28.13495496910204,0.0,0.00036211601647893096,0.015221702506090937,0.0003621160164789355,0.0006868698665727592,5.6240562626632936e-05,0.000356058145474171,0.0007498793871105947,0.0007977943572347158,0.0037086129422020547,0.0032555322097556857,322,254,0.8995030765401496,0.04985798477651382,1.499943700472721,0.029992254795650788,1,0.05571659129169868,0.05026869556848374,ok,,,0.07343150068699308,291.1251505479834,253.0859054365515,0.000710486525101564,0.0002124813674904397,352.4384079299621,503.9213584296391,0.002308970517839105,0.003982824936216838,444.32981544992316,524.7444866732474,0.005346382914238164,0.007482355929278326
carrying_parameter_importance_sweep,3,2,100,1.0,ok,,,False,rk4_ratio2_T2.5,rk4,2.5,2,2,ortho_small,0.0,0.001,0.025,51,0.05,20.0,diffrax_tsit5,0.0,2.5,0.8,0.2,10.0,4,16,0,2.0578917558465252e-06,12800,stage 3 | joint training,4.723254442368677e-06,2.05804367504844e-06,1.0164758290366667,0.011950151899270683,0.06062635366928449,0.1989049198453985,0.0027021975233180967,0.18267778325372863,0.4352420081728916,1.0164758290366667,0.00010052748407891277,0.00011112115179131001,3.640892194765988,4.171421600385362,nan,nan,1.281031473971129,6.7909596569969874,0.0,2.9854248401074723e-05,0.004382454873520457,2.9854248401074997e-05,0.00019722123223151923,1.2419165558638268e-05,0.000167317861607251,5.195699121707747e-05,0.00020999901086078075,9.69655054583351e-05,0.0005264109015654046,322,254,0.9055593018419876,0.050055603407487666,1.5001270862721006,0.030004259839026107,1,0.052358949765187866,0.04722369507140368,ok,,,0.07361133095669387,254.57734686742484,221.43289404672606,4.694114400325598e-05,1.2203234460494724e-05,307.73851952774197,435.7722477500456,0.0001970060613871867,0.0004192047203485759,407.68190347198214,479.0018627646691,0.00048789244298420934,0.0009086436651014082
carrying_parameter_importance_sweep,3,2,100,1.0,ok,,,False,rk4_ratio2_T2.5,rk4,2.5,2,0,l2_plus_ortho,1e-05,0.001,0.025,51,0.05,20.0,diffrax_tsit5,0.0,2.5,0.8,0.2,10.0,4,16,0,6.769235452495607e-06,14000,stage 3 | joint training,8.538010454463985e-06,6.768847753929859e-06,0.4190665161072736,0.04170803961336571,0.20607353288387967,0.14874037856448902,0.004031938424365156,0.7860971888173547,0.4388373602255282,0.4190665161072736,0.000671299660562969,0.000746678090205166,0.9425542504493832,1.0798949331507492,nan,nan,0.4984394521811324,4.236014669299525,0.0,3.572312704860239e-05,0.0050484700480495515,3.572312704860101e-05,0.00021573734562790054,1.549308073957586e-05,0.00018688093109404645,6.136909126712899e-05,0.000228228617008176,0.0001982914837667875,0.0007527803481644405,322,254,0.9004571284644345,0.04978230484050581,1.4999052936175958,0.03000110463690034,1,0.05518774751930802,0.04981903523922968,ok,,,0.07130201446878934,275.7651214053651,238.9326641460048,0.00015124479629915268,1.687478955117388e-05,333.11650085581647,473.221728682003,0.0006186230113322254,0.0016611603845976333,443.4701017344121,525.9959647489999,0.00033540114199979857,0.0008342979597475358
carrying_parameter_importance_sweep,3,2,100,1.0,ok,,,False,rk4_ratio2_T2.5,rk4,2.5,2,1,l2_plus_ortho,1e-05,0.001,0.025,51,0.05,20.0,diffrax_tsit5,0.0,2.5,0.8,0.2,10.0,4,16,0,2.2640520435895266e-05,13900,stage 3 | joint training,7.299039254148806e-05,2.2640205862152937e-05,13.687502251510828,0.20488135635282761,0.8088903708122308,2.3375006375518774,0.05305964546915165,2.0065331724306574,3.8774674566970377,13.687502251510828,0.004433630495388447,0.004927159890978829,28.152646534666015,32.254880109938775,nan,nan,21.5400406590554,27.84674960791644,0.0,0.0003073578401199441,0.014072835431048803,0.0003073578401199466,0.0006328091421158256,4.84989492470734e-05,0.00033064523007321175,0.0006355175364233527,0.0007344445658417904,0.0035821834220808165,0.003199559210895229,322,254,0.9000719860543557,0.04987020692500925,1.4999601380699754,0.029992652534423677,1,0.0554011687630695,0.04998101429005028,ok,,,0.07330415221295536,288.3786601902223,250.4933450559684,0.0007104594917587925,0.00021182057933433792,349.4988363126164,499.9667330487747,0.0023144293679098257,0.004013333367592088,440.563926298743,520.3801012641871,0.005305701393188581,0.0074512216114284375
carrying_parameter_importance_sweep,3,2,100,1.0,ok,,,False,rk4_ratio2_T2.5,rk4,2.5,2,2,l2_plus_ortho,1e-05,0.001,0.025,51,0.05,20.0,diffrax_tsit5,0.0,2.5,0.8,0.2,10.0,4,16,0,2.5148255459274548e-06,11500,stage 3 | joint training,5.210204556203978e-06,2.5148671413654502e-06,1.075967004776544,0.013133958519523042,0.06598639105732076,0.21072750006117733,0.003051229865828743,0.1963814493373591,0.45282802791428645,1.075967004776544,0.0001328594116304817,0.00014695183488191383,3.7581798370464163,4.305799577508048,nan,nan,1.3594093726164331,6.995622732408575,0.0,3.181800681285175e-05,0.004539337207484697,3.1818006812852555e-05,0.00020360436393009764,1.336935814765975e-05,0.0001736006616010924,5.5205663782112735e-05,0.00021646469330416685,0.00011971341391063871,0.0005849081189425593,322,254,0.905656220931514,0.05005227920035468,1.5001286529023308,0.030004256730330407,1,0.05230521700780152,0.04717485925822503,ok,,,0.07345611558750482,254.17648517736376,221.00359493612325,5.167259477350214e-05,1.3806245399359351e-05,307.4056122534088,435.45097007778696,0.00021465577864246958,0.0004509840667073906,406.93267622007255,478.2063260239659,0.0005178436443555927,0.0009469302333980237
carrying_parameter_importance_sweep,3,2,100,1.0,ok,,,False,rk4_ratio2_T5,rk4,5.0,2,0,none,0.0,0.0,0.025,101,0.05,20.0,diffrax_tsit5,0.0,2.5,0.8,0.2,10.0,10,10,0,8.534687274862695e-05,13900,stage 3 | joint training,0.00021410850245894198,8.534885700310226e-05,0.05615763868198651,0.006834700515830245,0.004328999862814984,0.022548141940812085,0.03531134418668431,0.01924533539904272,0.19326795479993367,0.05615763868198651,0.00031631641587694196,0.00039568593102167225,0.561088706817642,0.7499126045225976,nan,nan,0.0547385057166697,1.4037756963988617,0.0,0.0004418743131521263,0.017739299397908075,0.000441874313152128,0.0007587522203264346,0.0003214777213995131,0.0007107884361637972,0.0009351807023685952,0.0008464634645089682,0.002441021337958002,0.0014767626497006541,463,113,0.9032673087349454,0.04987913075420144,1.5002193009554954,0.029956948460489265,1,0.053629782749933734,0.048386821697911704,ok,,,0.07106665502359832,365.05097726020887,654.0658240874347,1.8722592025711635e-05,5.3987447266414386e-05,306.2584026762385,428.2913861053564,1.4135121926405978e-05,4.493514467813385e-05,458.0621989442937,612.7117035125311,4.922506592506268e-05,0.00031543049315358904
carrying_parameter_importance_sweep,3,2,100,1.0,ok,,,False,rk4_ratio2_T5,rk4,5.0,2,1,none,0.0,0.0,0.025,101,0.05,20.0,diffrax_tsit5,0.0,2.5,0.8,0.2,10.0,10,10,0,0.0003753277299123435,13100,stage 3 | joint training,0.00105217777886077,0.0003753326878641672,0.16509098398391647,0.01797089820297174,0.01249029786507228,0.06790123645198799,0.08968681532429042,0.04931800364886457,0.41933113307360365,0.16509098398391647,0.0013907629344626525,0.001708987532915654,1.2636272374224151,1.6886645558694968,nan,nan,0.17871579389281714,2.5364874492379057,0.0,0.0017824796897009329,0.05728848116311942,0.0017824796897009324,0.0015239225374500812,0.001482343710983012,0.0015262981243017917,0.0030122403812619723,0.0015191661065671327,0.006261853161570931,0.002365246189101584,463,113,0.9297705229425419,0.05004179862358117,1.5021744429806188,0.030042546879834396,1,0.0389546159455023,0.03513186265837375,ok,,,0.05482420149288686,218.6926527041305,399.81297995565944,8.217422021618854e-05,0.00022432192004931092,173.60358479748322,252.57159420023027,7.194723472814649e-05,0.00019526346105954703,268.7608073591747,367.74502662205873,0.00025264560379610645,0.0011402768296430563
carrying_parameter_importance_sweep,3,2,100,1.0,ok,,,False,rk4_ratio2_T5,rk4,5.0,2,2,none,0.0,0.0,0.025,101,0.05,20.0,diffrax_tsit5,0.0,2.5,0.8,0.2,10.0,10,10,0,0.000150181323823405,12800,stage 3 | joint training,0.00019423056337068681,0.00015019863673586275,0.06352131289094738,0.004628438710130664,0.0033118479057722724,0.023391453195701482,0.011592527103003155,0.007570851083457277,0.1975682928922939,0.06352131289094738,0.0014408705563735246,0.0018582487616965351,0.5776562718964484,0.7714753867429724,nan,nan,0.06380641565545993,1.5155959103918688,0.0,0.0013653266471027976,0.05086300932091475,0.0013653266471027985,0.0013337329486083089,0.000962934288033059,0.00123016463748245,0.0030140670209903154,0.0015196266522492928,0.0014721616553666267,0.0011468395525167222,463,113,0.9341355737773757,0.05016730156042872,1.5002045250393858,0.029971497265040278,1,0.03651621178299662,0.03297817396031496,ok,,,0.05362921646533344,202.20861550749564,365.7973094151471,2.2889423868089686e-05,3.169112184432894e-05,159.58398447214506,231.10671921692028,2.0753009249185188e-05,3.2759112799100954e-05,248.64912008763832,340.64985081034115,9.40741442698727e-05,0.0005799746937282255
carrying_parameter_importance_sweep,3,2,100,1.0,ok,,,False,rk4_ratio2_T5,rk4,5.0,2,0,l2_small,1e-05,0.0,0.025,101,0.05,20.0,diffrax_tsit5,0.0,2.5,0.8,0.2,10.0,10,10,0,8.8859346990685e-05,14000,stage 3 | joint training,0.0002199914459390351,8.886074085900256e-05,0.05660720877779736,0.007091717514508184,0.004474924864397228,0.022669831820154134,0.036461580739459556,0.019822026606107282,0.19117436384902062,0.05660720877779736,0.0003493801316809341,0.0004393584284174263,0.5567568591250026,0.7441181884486117,nan,nan,0.0551782062541389,1.409402506436327,0.0,0.0004293289803400874,0.017484941477743255,0.00042932898034008177,0.000747903730408728,0.00031021500561330943,0.0006982264774760682,0.0009173800449285387,0.0008383687734622921,0.002500717499292938,0.0014947109921302638,463,113,0.9032217910283605,0.049877703576735787,1.5001421784652846,0.029955673481785034,1,0.05365493960794274,0.04841021699474048,ok,,,0.07109108586681533,365.41937786056053,654.7124139731874,1.9407064715692978e-05,5.569098731180118e-05,306.6069682797452,428.7504345443938,1.459498748350147e-05,4.6232085169011804e-05,458.5403353948675,613.3449183361763,4.9439122516086135e-05,0.0003116914449501268
carrying_parameter_importance_sweep,3,2,100,1.0,ok,,,False,rk4_ratio2_T5,rk4,5.0,2,1,l2_small,1e-05,0.0,0.025,101,0.05,20.0,diffrax_tsit5,0.0,2.5,0.8,0.2,10.0,10,10,0,0.00047912950916840006,9100,stage 3 | joint training,0.001497012330458373,0.000479129920958694,0.2819817256153461,0.025479426237671354,0.017621055703394957,0.11200529074399833,0.11229779803206011,0.06251859224099733,0.6032464432487286,0.2819817256153461,0.0019475473726700105,0.0023839017210054735,1.8440038141141908,2.4643987061601194,nan,nan,0.3051355703692296,3.3143446612101566,0.0,0.0025440376486485314,0.067707137324267,0.002544037648648531,0.0018205908845323614,0.0021027970788290696,0.0018178732349030523,0.004351952549767211,0.001826007365989911,0.009401116760585367,0.0028981084626250927,463,113,0.9293817980857202,0.050041402518797726,1.5027849676313008,0.03005629047824799,1,0.03918190953912842,0.03533618515984527,ok,,,0.05505176426396084,220.1606282448552,402.8573797106032,0.00011573107526443777,0.00027875323548182265,174.44981084191778,254.1884553717977,0.00010100931390153603,0.0002459537045046049,268.99082801242145,367.7796837990904,0.0004163907430287018,0.0016402386260636044
carrying_parameter_importance_sweep,3,2,100,1.0,ok,,,False,rk4_ratio2_T5,rk4,5.0,2,2,l2_small,1e-05,0.0,0.025,101,0.05,20.0,diffrax_tsit5,0.0,2.5,0.8,0.2,10.0,10,10,0,0.00016903394948348185,10400,stage 3 | joint training,0.0002679458997019818,0.00016905404031036293,0.0858518748005961,0.007722756496206057,0.005158802731759113,0.03047397832450858,0.016642664543322905,0.010349724816394887,0.22376621772588293,0.0858518748005961,0.0014208540290573132,0.00182017778503328,0.6780386524172428,0.9055157741970815,nan,nan,0.08473516502092344,1.74655831301255,0.0,0.0015891133267645827,0.055134390279869126,0.0015891133267645864,0.001438891449418398,0.001104417614823846,0.001317442214447831,0.00357507894294656,0.0016550200802416257,0.002565817019466223,0.0015140414064026835,463,113,0.933998686239031,0.05015736586558832,1.499796052502044,0.02995735740866024,1,0.036592092709999066,0.03304586942759326,ok,,,0.05350352799896172,203.90568363469396,368.7988617513569,3.787416004568896e-05,4.512667003441918e-05,160.89328281473266,232.98660127400944,3.206350595567996e-05,4.4421974310114095e-05,250.24185675402632,342.5975650343345,0.00012177810187231253,0.000653145966473687
carrying_parameter_importance_sweep,3,2,100,1.0,ok,,,False,rk4_ratio2_T5,rk4,5.0,2,0,ortho_small,0.0,0.001,0.025,101,0.05,20.0,diffrax_tsit5,0.0,2.5,0.8,0.2,10.0,10,10,0,0.0003114352922839622,13800,stage 3 | joint training,0.0005201971752878542,0.0003114228063522311,0.1282593811880413,0.008968664149069454,0.006371758030677436,0.05210335369263742,0.047341788051332746,0.026851864988269244,0.383634479201856,0.1282593811880413,0.002374493056349028,0.0030760699880564998,1.0663164068909905,1.4251204312553645,nan,nan,0.12660553156872953,2.134900263823644,0.0,0.0004447316640532517,0.011845041043887769,0.0004447316640532481,0.0007612014776388267,0.00036509957587733206,0.0007574789650965078,0.0007710118129510287,0.0007685833383091118,0.006889336534935269,0.002480924864485581,463,113,0.8835853031636764,0.050167828661390364,1.499822882346981,0.02998119565169229,1,0.06454164644318891,0.058232411633494144,ok,,,0.09272035514852513,487.8267064063538,856.400783337896,1.8384938813904636e-05,5.5279944825381856e-05,425.5967281815145,577.7068579138778,1.4971351067247641e-05,4.648008695142089e-05,612.4648338669981,804.1272639961079,8.507158421433877e-05,0.00047708179585328965
carrying_parameter_importance_sweep,3,2,100,1.0,ok,,,False,rk4_ratio2_T5,rk4,5.0,2,1,ortho_small,0.0,0.001,0.025,101,0.05,20.0,diffrax_tsit5,0.0,2.5,0.8,0.2,10.0,10,10,0,0.0006263310912939327,14000,stage 3 | joint training,0.0009304024022194935,0.0006263285225031644,0.12963049433041782,0.02317647846297642,0.014113030592633469,0.05011128322043649,0.08584942402763508,0.04613969173430629,0.3062859782735179,0.12963049433041782,0.0027218777183153457,0.0034794963742453846,0.9342720346846521,1.2483683075971832,nan,nan,0.1249511268727645,2.120905600779894,0.0,0.0007136404541640456,0.014776907121304082,0.0007136404541640477,0.0009642515094420614,0.0005252435211921881,0.0009085425363123667,0.0014855677105000738,0.0010668581395162162,0.009980796439379814,0.0029861217502765757,463,113,0.8837252989418602,0.050215060991739315,1.4990796728806444,0.029966292626835485,1,0.06446602097195726,0.05818063568220447,ok,,,0.09385135325403911,491.34717499205954,862.3992160694338,4.716925148363969e-05,9.954719627287211e-05,428.2653072224898,581.7663804474877,3.2953943162390033e-05,7.930965639302862e-05,615.393545736493,808.5717208544302,8.142965354058765e-05,0.00037879877613065715
carrying_parameter_importance_sweep,3,2,100,1.0,ok,,,False,rk4_ratio2_T5,rk4,5.0,2,2,ortho_small,0.0,0.001,0.025,101,0.05,20.0,diffrax_tsit5,0.0,2.5,0.8,0.2,10.0,10,10,0,0.00011209499861595729,12900,stage 3 | joint training,0.0001501527711408996,0.00011210793381854883,0.034712501196963425,0.003452088052159199,0.00229231455657134,0.013666417346886544,0.011746080758754815,0.007039275741846942,0.13988299533301127,0.034712501196963425,0.000658108918881583,0.0008285770492311101,0.39556091358005663,0.5283300214752114,nan,nan,0.033848242834685155,1.103873517233141,0.0,0.001092243745896436,0.03796648106686387,0.0010922437458964454,0.0011929174191051073,0.0008311579122362084,0.0011428959261696903,0.0021620025156724627,0.0012870296344124066,0.0010699080215105777,0.0009776831572131908,463,113,0.9360883273118483,0.05045113244394378,1.4996753361396051,0.029990270473258307,1,0.03543462819068943,0.032273294408239464,ok,,,0.0587693059514421,198.64722602550412,357.6110903873446,1.737798267425074e-05,3.284596332298329e-05,156.25242733683942,226.19665816859157,1.467058525516339e-05,3.112015800251264e-05,242.8158331566313,333.2432228941691,5.62830568716283e-05,0.0004197624609381319
carrying_parameter_importance_sweep,3,2,100,1.0,ok,,,False,rk4_ratio2_T5,rk4,5.0,2,0,l2_plus_ortho,1e-05,0.001,0.025,101,0.05,20.0,diffrax_tsit5,0.0,2.5,0.8,0.2,10.0,10,10,0,0.00024946473481849253,14000,stage 3 | joint training,0.0004316468278439285,0.00024945430700732253,0.10912950573037872,0.007932378129118957,0.00556904258041247,0.04507255696275017,0.04447205281386073,0.02506366186373653,0.3523729056245232,0.10912950573037872,0.001547642361219036,0.001990083624018889,0.9745016451737769,1.302431613321792,nan,nan,0.10768612108456177,1.9689338127637057,0.0,0.0003910087905433608,0.011137095169462584,0.00039100879054336,0.0007137462796141711,0.00032001740514059145,0.0007091722163139045,0.0006818849979901021,0.0007227964605804392,0.005567105860710018,0.0022301786380987333,463,113,0.8836809889116162,0.05016338221302409,1.4998554453458022,0.029983206080246048,1,0.0644885687561641,0.05818314296199287,ok,,,0.09255256042758378,486.9032173447558,854.9808269498374,1.6291488424284443e-05,5.201526328083366e-05,424.86627877325407,576.7620841063414,1.3107753800777837e-05,4.3455807089973924e-05,611.729162586109,803.3055369729728,7.368057584863879e-05,0.00043865364970885085
carrying_parameter_importance_sweep,3,2,100,1.0,ok,,,False,rk4_ratio2_T5,rk4,5.0,2,1,l2_plus_ortho,1e-05,0.001,0.025,101,0.05,20.0,diffrax_tsit5,0.0,2.5,0.8,0.2,10.0,10,10,0,0.0006214429492625462,13800,stage 3 | joint training,0.0010704237696496362,0.0006214541053546515,0.1080839470652017,0.03337225285629153,0.019081843631561055,0.041634560126765,0.11832177016850028,0.06217683050209821,0.24870300925376748,0.1080839470652017,0.002687401792599155,0.003410616308615299,0.7782051081303847,1.0397364792823802,nan,nan,0.10425553229122007,1.9373175172087622,0.0,0.0006226526141749653,0.01379091593854368,0.0006226526141749675,0.0009006861919779389,0.00044835058717884675,0.0008394093151000382,0.0013368281761148252,0.0010120413205253259,0.00978420272918175,0.002956566373262547,463,113,0.8833287536137049,0.05020451604659027,1.4991631417501474,0.029972253153647297,1,0.06468550267561675,0.05837396069248631,ok,,,0.09394705711410077,493.8116166885827,866.8380359229063,6.758093922552926e-05,0.00013649812913726743,430.5800884341666,584.8684878322151,4.4316595551256016e-05,0.00010630907938390273,618.3820660113994,812.751675546851,6.732821408504016e-05,0.0003060012261265781
carrying_parameter_importance_sweep,3,2,100,1.0,ok,,,False,rk4_ratio2_T5,rk4,5.0,2,2,l2_plus_ortho,1e-05,0.001,0.025,101,0.05,20.0,diffrax_tsit5,0.0,2.5,0.8,0.2,10.0,10,10,0,0.00011201109242892261,13800,stage 3 | joint training,0.00012151352390066325,0.00011202727866400111,0.027497828451810636,0.0034108282397134378,0.0021735614700717416,0.01083084148952921,0.011583449134333894,0.006812124406501261,0.11916907011158973,0.027497828451810636,0.0006292294098885432,0.000795640809605601,0.3374087074941385,0.45065735732673845,nan,nan,0.027106818090544844,0.9878489010266774,0.0,0.0009012526691763574,0.03415296213748736,0.0009012526691763491,0.0010836121823789313,0.0006835303132487661,0.0010364391337192573,0.00179333630452565,0.0011721719366963887,0.000846859437810445,0.0008698223801679621,463,113,0.9354589571680769,0.050444697826249614,1.4997235813581609,0.029992733200115355,1,0.03578339490909839,0.032575839609402066,ok,,,0.05918019563351735,201.61227857032802,363.019651508121,1.6917760485126546e-05,3.1908600777428524e-05,158.79593177646433,229.76715243692158,1.3687765459454161e-05,2.964794721199923e-05,246.76984944645594,338.74817552227705,4.3890457095242667e-05,0.00035179250759906296
carrying_parameter_importance_sweep,3,2,100,1.0,ok,,,False,rk4_ratio2_T7.5,rk4,7.5,2,0,none,0.0,0.0,0.025,151,0.05,20.0,diffrax_tsit5,0.0,2.5,0.8,0.2,10.0,17,3,0,0.001220718731859027,14000,stage 3 | joint training,0.0014573062741500627,0.0012205488390570304,0.04725652388402295,0.0025022073630491474,0.013655097804832437,0.02276190034648212,0.00311449629488138,0.04106643017612197,0.1238809556764621,0.04725652388402295,0.19404062326416846,0.3060645879591621,0.002898657920120972,0.004057862439468448,nan,nan,0.04133547063686105,1.2198675923750897,0.0,0.00022175482854274638,0.04866198201582447,0.00022175482854274592,0.0005375107314924715,0.00020839779881659312,0.000541973093259701,0.0004007390268731941,0.0005092023586185768,0.01745574498538624,0.003479608806014618,536,40,0.948445862817927,0.04990155865526104,1.498122163677164,0.02994975428235706,1,0.028601163262722384,0.025817037579513015,ok,,,0.03712978957315703,70.96402125167957,57.93377179460114,3.526022509596566e-05,5.375959821714157e-05,173.6555882697861,177.52214582067208,7.863321843474572e-05,0.00023133130791245564,186.69522552849025,218.87907300715003,0.00012192009882442581,0.0005659789854483473
carrying_parameter_importance_sweep,3,2,100,1.0,ok,,,False,rk4_ratio2_T7.5,rk4,7.5,2,1,none,0.0,0.0,0.025,151,0.05,20.0,diffrax_tsit5,0.0,2.5,0.8,0.2,10.0,17,3,0,0.0006054535128905195,11100,stage 3 | joint training,0.001649264277297751,0.0006054904066318539,0.02805375005749194,0.003103182855472403,0.008927815069520569,0.014775307621722826,0.003235904013950859,0.04127478686351024,0.13612064352383,0.02805375005749194,0.20722209159220303,0.32730872095209923,0.002492696468436858,0.0036064512674671254,nan,nan,0.0253776261741811,0.9558213966377398,0.0,0.0002537936558216697,0.06899368791296193,0.0002537936558216705,0.0005750306286749265,0.00025875215838020186,0.0006039112959072572,0.00018734972153735012,0.00034816580355940066,0.006936331246478481,0.002193441920697242,536,40,0.958578553074032,0.050039246874379675,1.499004398340607,0.030005785991361413,1,0.022971118830651345,0.020717324472184512,ok,,,0.03268392519563932,45.77182243038401,37.65282737623516,6.779679485543918e-05,8.594053194510264e-05,113.7591624951608,117.20030219877518,7.847996481074894e-05,0.00035217304127344853,124.37485341672617,146.53967577411024,0.00011879658319851089,0.000928899581664545
carrying_parameter_importance_sweep,3,2,100,1.0,ok,,,False,rk4_ratio2_T7.5,rk4,7.5,2,2,none,0.0,0.0,0.025,151,0.05,20.0,diffrax_tsit5,0.0,2.5,0.8,0.2,10.0,17,3,0,0.0006126689856881304,12100,stage 3 | joint training,0.0012178357969625643,0.0006126397239435294,0.02738431623089771,0.0036801418414280605,0.008952954460695103,0.01516483338909712,0.0039320718545209805,0.04297922291224818,0.15173013610328767,0.02738431623089771,0.22357772751357774,0.3547012868649551,0.006156965894235387,0.00900638885883474,nan,nan,0.02528032960153545,0.9539873508885095,0.0,0.0010080599891741076,0.09986997229713082,0.0010080599891741052,0.0011460241925756163,0.0009749235447547386,0.00117223974424928,0.0014520883443936159,0.0009692952996364975,0.0058552530436410425,0.002015273811280449,536,40,0.9570235659281489,0.050202815209218966,1.498915828418772,0.02998380055991168,1,0.023834423965716972,0.0215884314012145,ok,,,0.03798103645395675,50.918733150064654,42.048274504138355,7.227481152333648e-05,9.351327494149363e-05,126.57790196071224,130.3431542702287,7.07307857217754e-05,0.00032973901201702475,137.43959870376347,161.94594823428417,0.00011033816696295227,0.0009369183839275904
carrying_parameter_importance_sweep,3,2,100,1.0,ok,,,False,rk4_ratio2_T7.5,rk4,7.5,2,0,l2_small,1e-05,0.0,0.025,151,0.05,20.0,diffrax_tsit5,0.0,2.5,0.8,0.2,10.0,17,3,0,0.0015739850017538082,12800,stage 3 | joint training,0.001875271533052521,0.0015737909754579321,0.07474577904551935,0.0033267094640810116,0.021518278137643548,0.03508885622796525,0.003910279004334553,0.0496152666837594,0.13484174207530072,0.07474577904551935,0.22158173856703073,0.34905414429553766,0.00362337523534665,0.005098975437048339,nan,nan,0.0647153817013846,1.526353085380262,0.0,0.0002864593352753832,0.051621395224355056,0.0002864593352753823,0.0006109168261378367,0.0002576276374216648,0.0006025975863621145,0.0006728040865151979,0.0006597872173789069,0.026129567237078082,0.004257232171620902,536,40,0.9481815364979918,0.04993762758183537,1.4968139217659047,0.029928123041029174,1,0.028782989341847653,0.025966137636065784,ok,,,0.03813598305975343,73.34699592045142,60.04129976298738,4.5355769821697317e-05,6.51264882634168e-05,178.06520415674805,182.14042481944972,0.00012084493564897283,0.0002724011802044562,191.39534912603713,224.2708292698345,0.00018333181233603778,0.0006012451218658644
carrying_parameter_importance_sweep,3,2,100,1.0,ok,,,False,rk4_ratio2_T7.5,rk4,7.5,2,1,l2_small,1e-05,0.0,0.025,151,0.05,20.0,diffrax_tsit5,0.0,2.5,0.8,0.2,10.0,17,3,0,0.000695582618210993,12600,stage 3 | joint training,0.0012087093753803766,0.0006955276551752673,0.024891532237434528,0.0028544534021456465,0.008514671372748287,0.014239275936744986,0.002959953513249207,0.040669484512091764,0.1387356246087577,0.024891532237434528,0.2051114766446043,0.32447903922082294,0.0023664164796005477,0.0034246456178978336,nan,nan,0.0217287203395297,0.8844398974622691,0.0,0.00028044669284070777,0.07311515024994879,0.0002804466928407098,0.000604471401333417,0.00027060730839907057,0.0006175909497882247,0.00041229444435867595,0.0005164916780825556,0.006054270220894805,0.002049236711085081,536,40,0.9583612075669178,0.050027485146090435,1.4993077882790622,0.03000892997415613,1,0.023088169540546485,0.020823020747551976,ok,,,0.0326712330538607,45.895964345601,37.70790187236188,6.219399554721799e-05,7.849690293743538e-05,114.31608423962771,117.71175346235039,7.448358146085447e-05,0.000345500626027964,125.00401552075232,147.22143281189076,0.00011391054821259694,0.0009423602389879159
carrying_parameter_importance_sweep,3,2,100,1.0,ok,,,False,rk4_ratio2_T7.5,rk4,7.5,2,2,l2_small,1e-05,0.0,0.025,151,0.05,20.0,diffrax_tsit5,0.0,2.5,0.8,0.2,10.0,17,3,0,0.0005777945185972072,13600,stage 3 | joint training,0.001209092493421483,0.0005778164648278936,0.02030594052783494,0.003268873422714932,0.007337222766392977,0.01195471261617955,0.0033474160523041512,0.036862073897499244,0.13049143426145318,0.02030594052783494,0.19147434342128208,0.3033124687810124,0.00533078768993161,0.007896147902771112,nan,nan,0.019261698756290635,0.8327191334576519,0.0,0.0007718643108572254,0.08761512542661046,0.0007718643108572281,0.0010028155906245102,0.0007462613976664878,0.0010255967855384652,0.001114943347613149,0.0008493486235787326,0.005521633318737981,0.0019570188475530118,536,40,0.9569992047117211,0.05020042822957069,1.4988229072064434,0.029981892622720108,1,0.023849273902690846,0.021599288716703732,ok,,,0.03795317691718635,51.06330844411821,42.17255754024443,6.401609144249243e-05,7.937427198029664e-05,127.10071321119105,130.90640195016778,5.7727628594824336e-05,0.00028159107078301084,138.01089813230533,162.74167456312114,8.662151161945903e-05,0.0008018317042131691
carrying_parameter_importance_sweep,3,2,100,1.0,ok,,,False,rk4_ratio2_T7.5,rk4,7.5,2,0,ortho_small,0.0,0.001,0.025,151,0.05,20.0,diffrax_tsit5,0.0,2.5,0.8,0.2,10.0,17,3,0,0.0005319067552604546,13900,stage 3 | joint training,0.0009854026398229698,0.0005318918539915638,0.03040482213263671,0.0022733678410319733,0.009222083327722588,0.015815164634159568,0.0033874267604410363,0.05164728345884123,0.1762600696761053,0.03040482213263671,0.252521160234878,0.4016516081043133,0.001971172333243395,0.0027277682605032698,nan,nan,0.025112643730270064,0.9508181604753468,0.0,0.0004473229509092399,0.06661696943640208,0.0004473229509092385,0.0007634158763863249,0.0004317945914991741,0.0007801349981633612,0.000655402967004102,0.0006511990953581108,0.008005515030373892,0.0023564371753898505,536,40,0.9527874763882899,0.05007357144230069,1.4996389812541482,0.029977131654250463,1,0.026175908185045876,0.02362110540984475,ok,,,0.0374080120052488,59.59298184771749,48.97063104171261,3.814824783967424e-05,6.917261812606819e-05,147.6452126944743,151.3953816264367,6.246110631982357e-05,0.00034114173698031905,159.3594102295321,187.18493175039777,9.924211322933625e-05,0.0009416359961662876
carrying_parameter_importance_sweep,3,2,100,1.0,ok,,,False,rk4_ratio2_T7.5,rk4,7.5,2,1,ortho_small,0.0,0.001,0.025,151,0.05,20.0,diffrax_tsit5,0.0,2.5,0.8,0.2,10.0,17,3,0,0.00045210439943393514,14000,stage 3 | joint training,0.0007974611090574238,0.00045207982955433574,0.02802604255777163,0.001827323780940813,0.008379743668057925,0.014429977906988413,0.0028298937283530385,0.044809099004111744,0.15103869968288028,0.02802604255777163,0.22009510980976024,0.35001523535381013,0.001971915857533421,0.0028643006145919934,nan,nan,0.024072387171721596,0.9309167192515009,0.0,0.00018524818216377666,0.05544939603640401,0.00018524818216377584,0.0004912782918907486,0.0001925732697198341,0.0005209897326893908,8.709200891259455e-05,0.00023738252288711648,0.0042936890287788776,0.0017257445902207212,536,40,0.958512981736133,0.05008779809531309,1.4995875539098062,0.029993314558532325,1,0.023002017529231644,0.020762835506779778,ok,,,0.033733778156089765,45.83513895955008,37.740455026090736,3.9867311901321004e-05,7.498303150814162e-05,114.45160318878256,117.90641860844863,7.321648132998066e-05,0.0003800395223004471,124.84654263744079,147.2322839600955,0.00011558171818096328,0.0010258531323457255
carrying_parameter_importance_sweep,3,2,100,1.0,ok,,,False,rk4_ratio2_T7.5,rk4,7.5,2,2,ortho_small,0.0,0.001,0.025,151,0.05,20.0,diffrax_tsit5,0.0,2.5,0.8,0.2,10.0,17,3,0,0.00043663255938423295,13700,stage 3 | joint training,0.0012064761681201042,0.0004366869913893851,0.00861577966126793,0.0021942385652990604,0.004353141998362918,0.006084702487984972,0.0021319755974484917,0.02057240736609699,0.07407668578366995,0.00861577966126793,0.108727134349668,0.1703468168122465,0.002080701885578608,0.0030573164309006715,nan,nan,0.006669233419880578,0.48999224801592606,0.0,0.0003127603063976161,0.07584994227356089,0.0003127603063976154,0.0006383463976268313,0.00030984472482629147,0.0006608504890144651,0.00035182909945335593,0.00047711763095063895,0.003855247011047798,0.0016352619500905826,536,40,0.9596557542059782,0.05008485492914489,1.5003176689997104,0.03000261549834302,1,0.02236800720221481,0.020190287044115282,ok,,,0.03294685649033309,43.0187377343581,35.36034000735507,5.1006577153622995e-05,6.029284777818802e-05,108.47730589067321,111.90497456041652,4.01295179910728e-05,0.0001838381845571123,118.5150779002852,140.37489590838356,5.134116768757807e-05,0.0005277060781011441
carrying_parameter_importance_sweep,3,2,100,1.0,ok,,,False,rk4_ratio2_T7.5,rk4,7.5,2,0,l2_plus_ortho,1e-05,0.001,0.025,151,0.05,20.0,diffrax_tsit5,0.0,2.5,0.8,0.2,10.0,17,3,0,0.0005507312421821578,14000,stage 3 | joint training,0.001025057466410547,0.0005507130047210479,0.03115175171267615,0.0023699841149172544,0.0094813806934221,0.016316316768449645,0.003496834600142212,0.0526396216622018,0.17935592208368606,0.03115175171267615,0.257535699769786,0.409547722745011,0.0020631582225169908,0.0028555218277294017,nan,nan,0.02579615156494778,0.9636708236416208,0.0,0.0004531683105625252,0.06597191289184876,0.0004531683105625217,0.000768387627421591,0.00043995456332727,0.0007874719186611215,0.0006302325235148939,0.0006385721778886881,0.008130252670771675,0.0023747245845318382,536,40,0.9523769090831165,0.05007083837649585,1.4996980650104415,0.02997813139425681,1,0.02640329346733409,0.02382508084776161,ok,,,0.037673624038244494,60.57567725961208,49.765788409698324,3.912435192032705e-05,7.026583345478921e-05,149.98152636793742,153.73422710417586,6.321699027226954e-05,0.000342406649799143,161.78013015089564,189.946893286307,0.00010085488714362501,0.0009442424615670966
